--USERS------------------------------------------------------------------------------------------------------------------------------------------------------------
INSERT INTO users(username,password,enabled,email) VALUES ('admin','$2a$10$gn.RKrqUiPZuOhBeht0amudVq6eDxe4RB5ARGHa5SLJXig4b7Ollu',TRUE,'admin@cinemaparadiso.com');
INSERT INTO users(username,password,enabled,email) VALUES ('artist','$2y$10$JJsHuf1/VAPRBD5TSxWi7.17fcLb24jpU6tfoYqTSHHiH9Ln/dbLm',FALSE,'admin@cinemaparadiso.com');

--User Artists
INSERT INTO users (username,password,enabled,email) VALUES ('JarrodHuffman','$2y$10$qJ14yJUo2/iXDiZrH17WPO1nx1AVeazpJJtleKKK/qr1iPamDdekC',TRUE,'habitant.morbi.tristique@cursusNuncmauris.org');
INSERT INTO users (username,password,enabled,email) VALUES ('RossSimpson','$2y$10$vr86wEkNsinTPbZo0/yBVeIo9AtWcRbNYUgWajhPBI4d2NT9Y25PO',TRUE,'eget@aauctor.org');
INSERT INTO users (username,password,enabled,email) VALUES ('GrayChurch','$2y$10$fLdxg5h33jtF2Wohlb3tK.kM2uSZ68D0X3fASMwKIyb1MSPp7gENy',TRUE,'odio.Nam.interdum@a.com');
INSERT INTO users (username,password,enabled,email) VALUES ('RonanMoss','$2y$10$MhtWO.8E.sohTh6YjtLXquBqK0ja1z6NctREFC0hfvJa21ByRKTmi',TRUE,'Donec@Donec.org');
INSERT INTO users (username,password,enabled,email) VALUES ('DeniseMills','$2y$10$YMeccXz0Gfr1V.pSaNFmL./sij0fSzLYI0nHvd008tHy6YOWpdEp2',TRUE,'consequat.dolor.vitae@Sed.co.uk');
INSERT INTO users (username,password,enabled,email) VALUES ('JoyVillarreal','$2y$10$Yy43QD2VGEm.mjkDiWg1r.ahcyYUu.WHgBntoSjE3TSvlQ5XzS92u',TRUE,'blandit.mattis@non.org');
INSERT INTO users (username,password,enabled,email) VALUES ('AshelyGuzman','$2y$10$RsDytjJATgtp7lMrVO86LeueTXtAcWqmppm6f1fvRsdK4QEfnmi0u',TRUE,'ac@ideratEtiam.ca');
INSERT INTO users (username,password,enabled,email) VALUES ('TatyanaAvila','$2y$10$4l/nS2JpBCwbXK/uF8Q6L.H.5e6eXEoIPCiChbICb//9Mw/iBj6Hy',TRUE,'lectus.ante.dictum@quam.net');
INSERT INTO users (username,password,enabled,email) VALUES ('GlennaWheeler','$2y$10$XNgmw98dThmugBlJ5FKLv.JX365ORXemKsBDCa5Gl/RUYVeqEGy52',TRUE,'auctor.non.feugiat@hendreritDonecporttitor.net');
INSERT INTO users (username,password,enabled,email) VALUES ('WinterCastro','$2y$10$1TInXdko7awPGwWzy6d0QeO4duLjpG/OFmyoczPxstVifG16zwJTm',TRUE,'vitae@Fusce.co.uk');
INSERT INTO users (username,password,enabled,email) VALUES ('AquilaRodriquez','$2y$10$oZWr7LWALF2VXixdXzlEGOfL6YK4CoAMwPCco3ComuwwAwyv/TBIa',TRUE,'ac@Curabitur.org');
INSERT INTO users (username,password,enabled,email) VALUES ('OraBoyle','$2y$10$d4apIiekpqgQKDbwka4UAeunc2eMEPxPQiTmuXdAs61PEtdhm.nKW',TRUE,'placerat.eget@enimSednulla.org');
INSERT INTO users (username,password,enabled,email) VALUES ('HedyTate','$2y$10$ZlMkdUUd1cd7WqzXr2uFIeUnIgLLPVHvWGPG6Hu.Jd1Vi5bHuNzPe',TRUE,'ultrices.Vivamus.rhoncus@Namconsequat.co.uk');
INSERT INTO users (username,password,enabled,email) VALUES ('WyattHogan','$2y$10$GVgrfbpDZL1juZrHFEodv.8Jk1kxfNDnzx9cAxVWFxjcefr7sibkm',TRUE,'augue.Sed.molestie@ategestasa.org');
INSERT INTO users (username,password,enabled,email) VALUES ('RudyardRogers','$2y$10$ItNgsY.Vi96gfrWf1CA6D.WZ59n0M0nybj5Ot7eUmcb10xyxkTqAy',TRUE,'lacinia.Sed@suscipitnonummy.co.uk');
INSERT INTO users (username,password,enabled,email) VALUES ('HunterMcfarland','$2y$10$Sa7gTdxAX0ZQoxXacQYnLOs1BYx0eB7jcRuzWmWzYZr.bEVlzZn.2',TRUE,'metus@seddictum.ca');
INSERT INTO users (username,password,enabled,email) VALUES ('AmberWiley','$2y$10$NEFu4o9jNJNio.O6HU7RkuiLxvX7chs4AoGzDA2D99.wPHIljPFla',TRUE,'auctor.ullamcorper.nisl@laciniaSed.edu');
INSERT INTO users (username,password,enabled,email) VALUES ('MicahBurch','$2y$10$goC2KTKpv.rw04KNC2nX3OPkjH6kHCJIZWizvEx6v1BqijnjyFz0m',TRUE,'diam.Proin@ultricesDuisvolutpat.com');
INSERT INTO users (username,password,enabled,email) VALUES ('JaredAvery','$2y$10$x5eQUU7eQ3b4KEXHSNHqAe/z5/FjGxYOTkLgXBaP7XNXOS0D.UXwW',TRUE,'metus.In@sodalesMauris.net');


INSERT INTO users (username,password,enabled,email) VALUES ('FrancisHolder','$2y$10$UN0qXXYHTvg7wH.4hJntxOUuGcyamkkZmlzyHOWiVa.GEjbZ95Pai',TRUE,'lacus.Nulla@ametultricies.ca');
INSERT INTO users (username,password,enabled,email) VALUES ('EmiLogan','$2y$10$7gixBjR6kP2g.wPf3ru.H.qpB0huhuhBQY./iyDSgulPu0dRiAcsC',TRUE,'vehicula.et@sedfacilisis.co.uk');
INSERT INTO users (username,password,enabled,email) VALUES ('LeeRobertson','$2y$10$u05oV/1Mwwrx.oCED1muR.s0Qaa5OBApc2tH2KNfWQnZw7M9cu0RG',TRUE,'feugiat.Sed@aliquamarcuAliquam.ca');
INSERT INTO users (username,password,enabled,email) VALUES ('FlorenceCooper','$2y$10$A4xR5/LVTMn4I.KuG7nWIudc94g7YWQgUiwFAPEI7m5ZIM5xivSp2',TRUE,'dolor.dolor.tempus@Crasconvallis.co.uk');
INSERT INTO users (username,password,enabled,email) VALUES ('HayesBenton','$2y$10$fuJyFOVeQ0ubEhss.tAh1OnEcEDEU6IaNyHNobGV/7rzxCYSlRsgK',TRUE,'dolor@erat.com');
INSERT INTO users (username,password,enabled,email) VALUES ('MarciaCollier','$2y$10$a3J2gfWEIr8P7A07qxCZQ.8mKNy05YUocsPH3rKIz4ELOyjc/Jw4C',TRUE,'Etiam@eleifendnunc.co.uk');
INSERT INTO users (username,password,enabled,email) VALUES ('VannaHarding','$2y$10$2LzJE4EH8p9DiSctioOWjOWL4tqfdAMpLR/SHViDmpzUcB/uCRxOK',TRUE,'varius.et.euismod@fringillacursuspurus.ca');
INSERT INTO users (username,password,enabled,email) VALUES ('XylaLamb','$2y$10$oM280D0RP.Q6IJF7OisKgu8ySPcb7/t1Ijn3Hvur3oOaBCKBFrEQi',TRUE,'fringilla.euismod.enim@et.com');
INSERT INTO users (username,password,enabled,email) VALUES ('VeronicaDuran','$2y$10$tTrHR2.gGt71UyXBynjSqupwqo3ucY5Wpa33J5mB9bUj5wSEQALxm',TRUE,'Nam.interdum.enim@consectetueripsumnunc.org');
INSERT INTO users (username,password,enabled,email) VALUES ('LawrenceHolland','$2y$10$RxVPwCNk8DtIkpQrQBjVXODWnsVuVAQdeKO1Q4kItiUi8RgHbimd.',TRUE,'tristique.neque@utnisi.net');
INSERT INTO users (username,password,enabled,email) VALUES ('RhonaKing','$2y$10$Sn8EX36H7IDvMj6BGo2CF.rAvTQaGuDv8mJx86Vz4Y8JVxITjv0f2',TRUE,'lectus.Nullam.suscipit@vitaealiquam.net');
INSERT INTO users (username,password,enabled,email) VALUES ('XenaDalton','$2y$10$cZ92GjO37lUHfkzvLSwprOZeozVSFbdENDO0Rxl8FDjTyZKPrg9eG',TRUE,'neque@Maurisnon.co.uk');
INSERT INTO users (username,password,enabled,email) VALUES ('BarclayGoodman','$2y$10$ryK46slbA7aw5JokIYp5meQQGYRsNVuLm4E7U0tPgXMYIDnRCcCu.',TRUE,'sed.sapien.Nunc@nuncrisus.co.uk');
INSERT INTO users (username,password,enabled,email) VALUES ('UrsulaHenderson','$2y$10$L0QfLBFMfaUIYar6EG68UuqTVSQQHF4t97ZTyxvUGloG8Qyqz8gJ2',TRUE,'eleifend.nunc@ipsum.co.uk');
INSERT INTO users (username,password,enabled,email) VALUES ('ReeseRoberts','$2y$10$UaVnbzu2rFC3WePtW7v1E.Z1V9CobeDzPxhg671ybAmMpaeyUbG3m',TRUE,'nunc.ac@egestasblanditNam.com');
INSERT INTO users (username,password,enabled,email) VALUES ('DerekRiddle','$2y$10$KJdQHLI.WzTstUtEDG3KB.i7gZ7PuGogh/SGXslxbjrfEwLhRzG.y',TRUE,'fermentum@mauris.co.uk');
INSERT INTO users (username,password,enabled,email) VALUES ('CameronOlson','$2y$10$.38duWycLIT8xGl.drXSFeLegrxWvOb1vuyC7CtXJRgSmMpQpFa4u',TRUE,'feugiat@faucibusorci.co.uk');
INSERT INTO users (username,password,enabled,email) VALUES ('AlexanderLamb','$2y$10$HpVezYZUomuNPPr1OkVPBe/34AzsskmuPb6lVz.kSJMCbuuMDC7le',TRUE,'vel.arcu.eu@auctornunc.org');
INSERT INTO users (username,password,enabled,email) VALUES ('ZacharyLeonard','$2y$10$u4b13oc.HBpn1.KrUgkfK.eSMsCrnHm8BtVB.K/ytSGdvPd2RWpTi',TRUE,'sagittis.Duis.gravida@vitaenibh.org');
INSERT INTO users (username,password,enabled,email) VALUES ('JerryMiranda','$2y$10$tp.2HdZeirs1QJa3qB9VFu4r8iyR/Uq9/gtffRlOacxOJmhpbzRGi',TRUE,'cursus@sapienCras.net');
INSERT INTO users (username,password,enabled,email) VALUES ('QuamarEllison','$2y$10$X748f8Z1IImNbx1NuIGRBe95T.DNlfO.e/b/FkqLXoXxOqS64vZFq',TRUE,'pede.nonummy@feugiatnonlobortis.org');
INSERT INTO users (username,password,enabled,email) VALUES ('KirestinSantiago','$2y$10$5G41Erlk3GDUREoP8X6cIuUr0ozjFtjaQ3p3QS/P2QMn5AddaVE.W',TRUE,'elit.a.feugiat@montesnasceturridiculus.org');
INSERT INTO users (username,password,enabled,email) VALUES ('BrettGuy','$2y$10$YB9Rsd3s45VFIZ.IwmiTRuoaBXuWiEHG.FN.k6q0vJ.XXVu18JzqC',TRUE,'lobortis.nisi@parturientmontes.net');
INSERT INTO users (username,password,enabled,email) VALUES ('VenusMiles','$2y$10$uJ1GykYLNjnIQmqIbinGgOQ7.D0BLIXZAxtwbUm/TcFpdHWd1CE/i',TRUE,'mollis@eu.net');
INSERT INTO users (username,password,enabled,email) VALUES ('DeannaWashington','$2y$10$NZK5vlyXfzNI2QzcVBh9zetM.Rucs652fqxK7TOOj6CoYTG5WJfkC',TRUE,'diam.eu.dolor@sodalespurus.edu');
INSERT INTO users (username,password,enabled,email) VALUES ('MatthewSlater','$2y$10$AVdbY1/oDoOT3qV3RXMqb.X1KQwRfWYUTTDpWnAd088RiqpJB6i4O',TRUE,'Proin@adipiscinglacusUt.com');
INSERT INTO users (username,password,enabled,email) VALUES ('ColtonDuffy','$2y$10$bgkYXqnMFA87xymILp.6COm074dpum1eFLFexnkXhyqVtvIb9T6Iu',TRUE,'et.arcu@interdumligulaeu.edu');
INSERT INTO users (username,password,enabled,email) VALUES ('NissimBoyer','$2y$10$1VrqoqJuovghQ7R1BSFSbuLtmC8.UZRyGmcazvKI68wtKnZEtn5h.',TRUE,'enim.sit.amet@acsem.com');
INSERT INTO users (username,password,enabled,email) VALUES ('IllanaAvila','$2y$10$7Dl1Csf..ARLEp8O1i7xzuf8wXtN0QACHgZIMY/0lGDjgfFUrXIl.',TRUE,'dui.Suspendisse@suscipitnonummy.net');
INSERT INTO users (username,password,enabled,email) VALUES ('BuffyLynn','$2y$10$jey6/TCn875SFOkb.W0aLuBSJHvYf0wIOoJ42Vv9DPB.SK1PxvBiG',TRUE,'feugiat.placerat.velit@Nuncmauriselit.net');
INSERT INTO users (username,password,enabled,email) VALUES ('IdonaMerrill','$2y$10$qwsi1Qb/BR6K5fDGrdX86.upN7vRs1f9susP4ma6zAwzR1wDjU32S',TRUE,'euismod.enim@magnaLoremipsum.net');
INSERT INTO users (username,password,enabled,email) VALUES ('MercedesDunn','$2y$10$G5flmJT1tMyp7y5yeu207O1NP2B85GqPl.MyptD9MZ6slQf30/iU.',TRUE,'id@vulputateeu.net');
INSERT INTO users (username,password,enabled,email) VALUES ('ErichOwen','$2y$10$Jbomc7dgTltwe.9PrdYl1.HpCY4asWRlkauimYtOQy7ll7Y3JTuMa',TRUE,'risus@dolordolor.com');
INSERT INTO users (username,password,enabled,email) VALUES ('LillithFrench','$2y$10$0FLkCSwIZX4F3i54OCYKdOIAuokU4PHNj2.hCtAJHbxdJc899zp2m',TRUE,'amet.orci@tellusimperdiet.net');
INSERT INTO users (username,password,enabled,email) VALUES ('DanteCoffey','$2y$10$CaUgpPch8x5SStFmkZEmJO5ICqe1E3UNdadnm75DCIieSQxRywOVq',TRUE,'lacus@consectetueradipiscing.edu');
INSERT INTO users (username,password,enabled,email) VALUES ('JermaineHahn','$2y$10$HsstD1iZzyJrOpzNENP11eUOhfaCuxQOo5iLy0fl/aIbnLTltEPiK',TRUE,'ligula.Aenean@arcu.edu');
INSERT INTO users (username,password,enabled,email) VALUES ('LinusDennis','$2y$10$kdXUSd9y60hJ5Q33LXmsgeVNMS5EkPG6AvqaLJLUUv5g831Fjl09W',TRUE,'dolor.nonummy@Nunc.org');
INSERT INTO users (username,password,enabled,email) VALUES ('IfeomaMiles','$2y$10$0aSUXjho5z6YUXX/xEB0/ODkKbWSukAgzH6z9MczUDJNFQeGr7sPe',TRUE,'Pellentesque.ut@risus.org');
INSERT INTO users (username,password,enabled,email) VALUES ('EleanorCrane','$2y$10$ggTKPbwWSNezDUDSnnfVS.FNA8LycttldEkxJhg.6qqWFGjzU3HQS',TRUE,'Suspendisse.ac.metus@faucibusMorbivehicula.co.uk');
INSERT INTO users (username,password,enabled,email) VALUES ('DesiraeBuchanan','$2y$10$YyjTFRhqqRB28/1QO3i/a.HLL55EE8hBwEqQJCZ73ZRm7jpZmc8ES',TRUE,'Phasellus.elit@Utsemperpretium.net');
INSERT INTO users (username,password,enabled,email) VALUES ('RudyardDiaz','$2y$10$l4JPIw3XmlqY4zRzDh1fMOtz10/aDG98WlTbwiou/kEX3mtmpZX5e',TRUE,'consectetuer@necquam.com');


INSERT INTO users (username,password,enabled,email) VALUES ('GradyManning','$2a$10$U9tzLPiS43F9SNtgGoYS5ekMLDj1BqxpcJNPeJrkvx59h1AWCFa',TRUE,'odio.a@musAeneaneget.co.uk');
INSERT INTO users (username,password,enabled,email) VALUES ('KyleConway','$2y$10$Q4zXt8COaMdM07hnNRu4n.084uQMoCOHFV9pAn/fcHzksA/eolnFe',TRUE,'non@enim.net');
INSERT INTO users (username,password,enabled,email) VALUES ('MelyssaMedina','$2y$10$Hl3XzbHutGbFlUYgNtqfROe4buBkREOkBtFhf5q.1uC7vhxNZePgi',TRUE,'Phasellus.fermentum.convallis@pede.ca');
INSERT INTO users (username,password,enabled,email) VALUES ('IvoryGibbs','$2y$10$ip3qrsQ2Wa7mRdiBMULVf.qGpKz8RY7tN2pthvos5FwNRpeR.mkHm',TRUE,'non.nisi@Proinsed.co.uk');
INSERT INTO users (username,password,enabled,email) VALUES ('GradyVincent','$2y$10$BPeQiKEA6X1MTfCPCkv4V.VdOHWLajfsb1MH6sgtGddwhtbtrXCUu',TRUE,'est.vitae@egetmassaSuspendisse.org');
INSERT INTO users (username,password,enabled,email) VALUES ('BrodyDavidson','$2y$10$bZbYLKzPEzEoC1DFeGrycuZ.92aRhs/nWbaOXcdd.RDtN38KGbmTq',TRUE,'nec.eleifend@mus.com');
INSERT INTO users (username,password,enabled,email) VALUES ('WyomingSilva','$2y$10$Au2EsPHCdfVEAO5OzjPxFOC1Tddsfpga0lwjfc8ZILetu.81YDXoa',TRUE,'at.pretium@vulputatemauris.net');
INSERT INTO users (username,password,enabled,email) VALUES ('JoanGaines','$2y$10$MH2xUqPO9zChydDF3EkhoewS7RwlOxHDIY94yqfNnu8vkq0iRTqbS',TRUE,'urna@nec.co.uk');
INSERT INTO users (username,password,enabled,email) VALUES ('NatalieRowland','$2y$10$1EzKZxQNjohHrggobfsM4.NSSllmDrkh8by919O4BJF/bxKJy5w6i',TRUE,'vitae.diam.Proin@vulputateeuodio.co.uk');
INSERT INTO users (username,password,enabled,email) VALUES ('KellyLeon','$2y$10$DqhWEhr8JjDGp0MKiYn5/eQcG/r.VAG3LljENCUPTVorBY3i4lEt.',TRUE,'odio.auctor.vitae@estMauris.ca');
INSERT INTO users (username,password,enabled,email) VALUES ('IlianaEllis','$2y$10$X5Bej4SCFribUetPnoedi./2VCuRNMkDbcq99z8D3TBudYYgLIsvK',TRUE,'Praesent@Phasellusfermentumconvallis.com');
INSERT INTO users (username,password,enabled,email) VALUES ('OlgaLindsey','$2y$10$2.qud96vA/xaRMtmYzRSRu3Qc8OAChSNLtnlNkPj7yUY1L2n4bbq6',TRUE,'orci.Phasellus.dapibus@consequat.com');
INSERT INTO users (username,password,enabled,email) VALUES ('ElvisCastillo','$2y$10$helV2.2PynEqitG9n7OcZu8Ryf21kkPy7c5CrgvcGrLcfNRK2hZmq',TRUE,'sociis.natoque@estmollis.net');
INSERT INTO users (username,password,enabled,email) VALUES ('VeraAtkinson','$2y$10$HTu371cnu0grNr7cplvmF.sewvdKbwZpRHakUVEc4BJ41FtHyaI2S',TRUE,'ligula.Aenean.gravida@odioAliquamvulputate.org');
INSERT INTO users (username,password,enabled,email) VALUES ('RanaRush','$2y$10$jXSw.yGHEiQTdZ7A3C1sseGh8.GpEl.K/y9A966a03P9kc/i4fh6W',TRUE,'litora@feugiatSednec.com');
INSERT INTO users (username,password,enabled,email) VALUES ('AlanaBartlett','$2y$10$cmT7xE9YAREmz3cQRKj2Re7lALEnkWfsVk4E7VTqRVSUrH/bIJfR2',TRUE,'semper.dui@Mauris.net');
INSERT INTO users (username,password,enabled,email) VALUES ('NaomiMcgowan','$2y$10$juzM19EscQd1CNUIfq9hRujYwNOQLGsWoHvpLnmUTCMEWEJi9Fh9K',TRUE,'a@Aliquamauctorvelit.net');
INSERT INTO users (username,password,enabled,email) VALUES ('HeidiMathews','$2y$10$LXIgAevMd3R0IRcCwvqfzeLnzENQVsGlkpQ0WzIfZ5cJgp6HrtZrS',TRUE,'ligula@rutrumloremac.edu');
INSERT INTO users (username,password,enabled,email) VALUES ('LewisRandolph','$2y$10$K25bu5e2DvE1iLdO2yZ9senRzxECNckHulrChmQeGa4x2MkNFt.Z6',TRUE,'Donec@laciniaatiaculis.org');
INSERT INTO users (username,password,enabled,email) VALUES ('StewartMarquez','$2y$10$8ybsh0O2sZT/zhJaGMh.1u5ITZhKodK4gHOwzCYny82cX5xi9jUi6',TRUE,'ipsum.Donec@mi.co.uk');
INSERT INTO users (username,password,enabled,email) VALUES ('MiriamKeller','$2y$10$pCd823.Y9nXkpzxcQDYUL.36YGwf7udHI8pkQ6RbT8LA7ZAHz7xx6',TRUE,'Sed.eu.eros@volutpatornare.co.uk');
INSERT INTO users (username,password,enabled,email) VALUES ('FrancesSalazar','$2y$10$cOo2D9jVYZPn7p3BchjNvOTsjE7nxTPHmnQty3IZTT.XJH2CLjLDO',TRUE,'Mauris.vestibulum.neque@Seddiamlorem.com');
INSERT INTO users (username,password,enabled,email) VALUES ('MosesBarrera','$2y$10$XO88lbAqx.AQlzpjplMPIuWyUM1KCoydUi.1edrrjz6G4OsIzYXVq',TRUE,'dolor.sit.amet@Namnullamagna.com');
INSERT INTO users (username,password,enabled,email) VALUES ('PerryBarton','$2y$10$na.CVVwiVK7iNB0pnHCK8u5qRBLIWwSMyju6sUwjpFXG6.uQ/X2XO',TRUE,'urna.Vivamus.molestie@vulputate.org');
INSERT INTO users (username,password,enabled,email) VALUES ('GuinevereHorn','$2y$10$fcYlt3aH61/3PzE.AatT7.C4wPSmpH7/OZuxklXdBCfHfClFXxMta',TRUE,'Aliquam@sedsemegestas.co.uk');
INSERT INTO users (username,password,enabled,email) VALUES ('JonasJensen','$2y$10$GVVS6rp92Wu5sSx92F4VFeU1XQC3f7PpNmpzt4f5C.pz5zYwYBO8e',TRUE,'tempus.lorem@dictumeuplacerat.net');
INSERT INTO users (username,password,enabled,email) VALUES ('JacksonBeck','$2y$10$esAEIh987bNC9a5NPiflRu94NFJT3b.Wn6gZpwYmOAbiWsONDHl7e',TRUE,'non@Suspendissedui.co.uk');
INSERT INTO users (username,password,enabled,email) VALUES ('QuinCollier','$2y$10$s8gClVafDIUXyvT71XIjbuHPbYzFP1mi8/bbEfkSw/lkPC79FH7rW',TRUE,'Duis.dignissim@risusDonecegestas.com');
INSERT INTO users (username,password,enabled,email) VALUES ('ShannonBuckner','$2y$10$RNkx5on2UC7oDY8E2q2WxuGjPEgIFPjeuJfaGb6CymOJws74CzPKS',TRUE,'velit.Aliquam.nisl@nonummyipsumnon.edu');
INSERT INTO users (username,password,enabled,email) VALUES ('AlfredaPhillips','$2y$10$gZ4dx1oLVF8W3f3pWnqn1eGTdkavwHl8YZW2SjKjk120d0xwhazRO',TRUE,'pellentesque@Namligula.com');
INSERT INTO users (username,password,enabled,email) VALUES ('IlianaDillard','$2y$10$inRSJfpFx3BNJWUFIDtXWOm5l7yfyi5wbmkIcyb2CIijkJrAiKpnu',TRUE,'accumsan.convallis@et.ca');
INSERT INTO users (username,password,enabled,email) VALUES ('BrynnePatton','$2y$10$Ssll8HUkLB/tCoY1s/IGAuSoaxTzgjB0qmB44BeiHvuOozLJGST5K',TRUE,'euismod.mauris@dui.co.uk');
INSERT INTO users (username,password,enabled,email) VALUES ('JenniferBaird','$2y$10$4ri9lc6B.1LmTn8oaVmQAOc8lw3/KgOkGNrTi3nFjGO5pH/uuif6K',TRUE,'Nunc.sed.orci@aarcu.com');
INSERT INTO users (username,password,enabled,email) VALUES ('DariaSheppard','$2y$10$lxyuM3uI.r24Mo.mGsSI2.WtgoU/e95AKLYtNEAU3v9Yl5UyeIe9C',TRUE,'Mauris@pede.com');
INSERT INTO users (username,password,enabled,email) VALUES ('ScarletHamilton','$2y$10$pOhSstIFgB.KlHS0810n7eiYlfhJCaQeTt7oBiNK6AwtOMBBphZJ.',TRUE,'urna@perinceptoshymenaeos.edu');
INSERT INTO users (username,password,enabled,email) VALUES ('KaneBurch','$2y$10$ATANUx/Nf6U2gbDP2n6U1uU9ZJjDoI380VqDp.ZCd7ETx9wbFXna2',TRUE,'purus@aauctor.org');
INSERT INTO users (username,password,enabled,email) VALUES ('SybillWilliamson','$2y$10$6DDwjvOsEP7dQh4hxUxheOLZv0EdVxc/OgYnBcC6uvFe/BQCm5kvu',TRUE,'id.risus@et.co.uk');
INSERT INTO users (username,password,enabled,email) VALUES ('HedwigCarey','$2y$10$6uEARWepHlWKLX93lJ5cWu0OU.vVbTumtjwwp1fr6P.lt1WuDLHgq',TRUE,'turpis@orci.com');
INSERT INTO users (username,password,enabled,email) VALUES ('JosephineWoodard','$2y$10$BGZE.vbozUUDWRsO5RBNkOJHZz6AFCdWGaDhngoNAh7KEVzgMSOiS',TRUE,'Nulla.eget.metus@lorem.ca');
INSERT INTO users (username,password,enabled,email) VALUES ('AlecHill','$2y$10$OX2GsiTQHRjACXhk96fcYOrBezuDeQPoiQKDvwcHftlK5LhsNaP3u',TRUE,'eu@risus.com');

INSERT INTO users (username,password,enabled,email) VALUES ('DeletedUser','-',FALSE,'deleted@risus.com');

--ARTIST-----------------------------------------------------------------------------------------------------------------------------------------------------------------------
INSERT INTO artists (id,version,description,name,sur_name,pro,username,role,photo,left_projects) VALUES (1,0,'Cámara buscando un proyecto en el que trabajar en sus ratos libres','Artist','Artist',TRUE,'artist','CAMARA','https://i.pinimg.com/originals/51/f6/fb/51f6fb256629fc755b8870c801092942.png',1);
INSERT INTO artists (id,version,description,name,sur_name,pro,username,role,photo,left_projects) VALUES (2,0,'Actor novato apasionado por el mundillo','Jarrod','Huffman',TRUE,'JarrodHuffman','ACTOR','https://image.freepik.com/foto-gratis/retrato-joven-sonriente-gafas_171337-4842.jpg',1);
INSERT INTO artists (id,version,description,name,sur_name,pro,username,role,photo,left_projects) VALUES (3,0,'Director con cierta experiencia, buscando su salto al estrellato','Ross','Simpson',TRUE,'RossSimpson','DIRECTOR','https://image.freepik.com/foto-gratis/retrato-hombre-blanco-aislado_53876-40306.jpg',1);
INSERT INTO artists (id,version,description,name,sur_name,pro,username,role,photo,left_projects) VALUES (4,0,'Fan de Star Wars y los sonidos en el vacío del espacio','Gray','Church',TRUE,'GrayChurch','EFECTOS_ESPECIALES','https://st.depositphotos.com/1224365/2498/i/600/depositphotos_24980235-stock-photo-portrait-of-a-normal-man.jpg',1);
INSERT INTO artists (id,version,description,name,sur_name,pro,username,role,photo,left_projects) VALUES (5,0,'Descubierto recientemente el hobby de la edición de video','Ronan','Moss',TRUE,'RonanMoss','EDICION','http://www.misimagenesde.com/wp-content/uploads/2010/01/fotos-de-caras.jpg',1);
INSERT INTO artists (id,version,description,name,sur_name,pro,username,role,photo,left_projects) VALUES (6,0,'Encargada de sonido, buscando un equipo en el que encajar','Denise','Mills',TRUE,'DeniseMills','SONIDO','https://cdn.pixabay.com/photo/2017/08/30/12/45/girl-2696947_960_720.jpg',1);
INSERT INTO artists (id,version,description,name,sur_name,pro,username,role,photo,left_projects) VALUES (7,0,'Cámara dedicado, dispuesto a dar el 110%','Joy','Villareal',FALSE,'JoyVillarreal','CAMARA','https://ath2.unileverservices.com/wp-content/uploads/sites/5/2018/08/cabello-rizado-con-flequillo2-683x1024.jpg',1);
INSERT INTO artists (id,version,description,name,sur_name,pro,username,role,photo,left_projects) VALUES (8,0,'Actor profesional harto de la profesionalidad','Ashely','Guzman', TRUE, 'AshelyGuzman', 'ACTOR','https://encrypted-tbn0.gstatic.com/images?q=tbn:ANd9GcS6Puw4Zvv_N1jtwBHs6zxOn5easgTIigIDYg&usqp=CAU',1);
INSERT INTO artists (id,version,description,name,sur_name,pro,username,role,photo,left_projects) VALUES (9,0,'En busca de ser el siguiente Steven Spielberg','Tatyana','Avila',TRUE,'TatyanaAvila','DIRECTOR','https://photolari.com/wp-content/uploads/2018/12/Lidia_Vives_3.jpg',1);
INSERT INTO artists (id,version,description,name,sur_name,pro,username,role,photo,left_projects) VALUES (10,0,'Con unas cuantas hojas y un par de petardos obtiene cualquier sonido','Glenna','Wheeler',TRUE,'GlennaWheeler','EFECTOS_ESPECIALES','https://image.freepik.com/foto-gratis/primer-plano-dolor-artistico-cara-hombre_23-2148364839.jpg',1);
INSERT INTO artists (id,version,description,name,sur_name,pro,username,role,photo,left_projects) VALUES (11,0,'En busca de ser el próximo Nicolas Cage','Winter','Castro',TRUE,'WinterCastro','ACTOR','http://nuestropensar.files.wordpress.com/2010/07/main-9aaf5b50-b2e1-43f9-8ee1-cd62ca5a5610.jpg',1);
INSERT INTO artists (id,version,description,name,sur_name,pro,username,role,photo,left_projects) VALUES (12,0,'Papá Noel cometió el error de regalarme un micrófono','Aquila','Rodriguez',TRUE,'AquilaRodriquez','SONIDO','https://i.pinimg.com/564x/f4/20/f7/f420f72ff15a55f6333a3f76ea76143b.jpg',1);
INSERT INTO artists (id,version,description,name,sur_name,pro,username,role,photo,left_projects) VALUES (13,0,'Cámara experimentado, en busca de algo más tranquilo','Ora','Boyla',FALSE,'OraBoyle','CAMARA','https://mamiverse.com/es/wp-content/uploads/2016/01/Te%CC%81cnicas-fotogra%CC%81ficas-El-arte-de-las-fotos-arti%CC%81sticas-MainPhoto.jpg',1);
INSERT INTO artists (id,version,description,name,sur_name,pro,username,role,photo,left_projects) VALUES (14,0,'Involucrado en el mundo desde aquel recorte de cartón a los 7 años','Hedy','Tate',TRUE,'HedyTate','EFECTOS_ESPECIALES','https://encrypted-tbn0.gstatic.com/images?q=tbn:ANd9GcS3pjLv_Ce78EkxbnN_5rfbRLZXWElbbZdO2A&usqp=CAU',1);
INSERT INTO artists (id,version,description,name,sur_name,pro,username,role,photo,left_projects) VALUES (15,0,'Encargada de sonido, con equipo de baja calidad pero resultados excelentes','Wyatt','Hogan',TRUE,'WyattHogan','SONIDO','https://toyoutome.es/wp-content/uploads/2015/02/ARCO_Educ_850.jpg',1);
INSERT INTO artists (id,version,description,name,sur_name,pro,username,role,photo,left_projects) VALUES (16,0,'Actor de relleno al que no le importa ser uno más','Rudyard','Rogers',TRUE,'RudyardRogers','ACTOR','https://www.imagenesyarte.com/wp-content/uploads/2018/12/puertas-artisticas-22-Ima%CC%81genes-y-Arte.jpg',1);
INSERT INTO artists (id,version,description,name,sur_name,pro,username,role,photo,left_projects) VALUES (17,0,'Actor de relleno al que no le importa ser uno más','Hunter','Mcfarland',FALSE,'HunterMcfarland','ACTOR','https://encrypted-tbn0.gstatic.com/images?q=tbn:ANd9GcTpGrtWKTHrNp8WItVAqq85VOA3IhHG7R4y0g&usqp=CAU',1);
INSERT INTO artists (id,version,description,name,sur_name,pro,username,role,photo,left_projects) VALUES (18,0,'Actor de relleno al que no le importa ser uno más','Amber','Wiley',TRUE,'AmberWiley','ACTOR','https://www.fotonostra.com/fotografia/fotos/fotoartistica.jpg',1);
INSERT INTO artists (id,version,description,name,sur_name,pro,username,role,photo,left_projects) VALUES (19,0,'Actor de relleno al que no le importa ser uno más','Micah','Burch',FALSE,'MicahBurch','ACTOR','https://mateomae.files.wordpress.com/2013/01/chema-madoz-fotografia-90.jpg',1);
INSERT INTO artists (id,version,description,name,sur_name,pro,username,role,photo,left_projects) VALUES (20,0,'Actor de relleno al que no le importa ser uno más','Jared','Avery',TRUE,'JaredAvery','ACTOR','https://mateomae.files.wordpress.com/2013/01/ray_pr.jpg',1);
--PRODUCERS-----------------------------------------------------------------------------------------------------------------------------------------------------------------------
INSERT INTO producers (version, photo, username, name, description, sur_name) VALUES (0,'https://www.tooltyp.com/wp-content/uploads/2014/10/1900x920-8-beneficios-de-usar-imagenes-en-nuestros-sitios-web.jpg','FrancisHolder','Leonard Photography','Empresa productora de peliculas, buscamos artistas nuevos en el sector','Horton');
INSERT INTO producers (version, photo, username, name, description, sur_name) VALUES (0,'https://ep01.epimg.net/elpais/imagenes/2019/10/30/album/1572424649_614672_1572453030_noticia_normal.jpg','EmiLogan','Ellis Reproductions','Empresa productora de peliculas, buscamos artistas nuevos en el sector','Hines');
INSERT INTO producers (version, photo, username, name, description, sur_name) VALUES (0,'https://www.recreoviral.com/wp-content/uploads/2015/08/Im%C3%A1genes-perfectan-que-relajan-el-alma.jpg','LeeRobertson','Adderley Distribution','Empresa productora de peliculas, buscamos artistas nuevos en el sector','Kelly');
INSERT INTO producers (version, photo, username, name, description, sur_name) VALUES (0,'https://i.blogs.es/3650f5/eclipsed-moon-trail-c-chuanjin-su/450_1000.jpg','FlorenceCooper','Bates Coachworks','Empresa productora de peliculas, buscamos artistas nuevos en el sector','Hampton');
INSERT INTO producers (version, photo, username, name, description, sur_name) VALUES (0,'https://i.blogs.es/8e3ae0/christiaan-van-heijst-01/450_1000.jpg','HayesBenton','Gatfield Photography','Empresa productora de peliculas, buscamos artistas nuevos en el sector','Kline');
INSERT INTO producers (version, photo, username, name, description, sur_name) VALUES (0,'https://static1.diariosur.es/www/multimedia/201909/30/media/cortadas/imagensensible-kYzD-U90285421336FWD-624x385@Diario%20Sur.jpg','MarciaCollier','West Side Publishing','Empresa productora de peliculas, buscamos artistas nuevos en el sector','Erickson');
INSERT INTO producers (version, photo, username, name, description, sur_name) VALUES (0,'https://assets.iprofesional.com/assets/jpg/2020/12/508177.jpg?6.2.0','VannaHarding','Nevin Arts','Empresa productora de peliculas, buscamos artistas nuevos en el sector','Carlson');
INSERT INTO producers (version, photo, username, name, description, sur_name) VALUES (0,'https://cdn.shopify.com/s/files/1/0229/0839/files/Busqueda_de_imagenes_3_large.jpg?v=1578328497','XylaLamb','Middleton Marketing','Empresa productora de peliculas, buscamos artistas nuevos en el sector','Fletcher');
INSERT INTO producers (version, photo, username, name, description, sur_name) VALUES (0,'https://www.ngenespanol.com/wp-content/uploads/2018/08/La-primera-imagen-de-la-historia.jpg','VeronicaDuran','Wilton Photography','Empresa productora de peliculas, buscamos artistas nuevos en el sector','Flynn');
INSERT INTO producers (version, photo, username, name, description, sur_name) VALUES (0,'https://www.educaciontrespuntocero.com/wp-content/uploads/2019/02/girasoles-978x652.jpg','LawrenceHolland','Cook Cameras','Empresa productora de peliculas, buscamos artistas nuevos en el sector','Morse');
INSERT INTO producers (version, photo, username, name, description, sur_name) VALUES (0,'https://st.depositphotos.com/1020341/4233/i/600/depositphotos_42333899-stock-photo-portrait-of-huge-beautiful-male.jpg','RhonaKing','East View Coachworks','Empresa productora de peliculas, buscamos artistas nuevos en el sector','Holcomb');
INSERT INTO producers (version, photo, username, name, description, sur_name) VALUES (0,'https://www.tekcrispy.com/wp-content/uploads/2017/12/bancos-imagenes-gratis-640x422.jpg','XenaDalton','East Side Technologies','Empresa productora de peliculas, buscamos artistas nuevos en el sector','Cunningham');
INSERT INTO producers (version, photo, username, name, description, sur_name) VALUES (0,'https://www.bellezademujeres.com/imagenes/dedicatorias/imagenes-corazones-enamorados.jpg','BarclayGoodman','Cartwright Memorabilia','Empresa productora de peliculas, buscamos artistas nuevos en el sector','Holder');
INSERT INTO producers (version, photo, username, name, description, sur_name) VALUES (0,'https://ximagen.com/images/2019/03/10/imagenes-bonitas.jpg','UrsulaHenderson','Sanders Electronics','Empresa productora de peliculas, buscamos artistas nuevos en el sector','Singleton');
INSERT INTO producers (version, photo, username, name, description, sur_name) VALUES (0,'https://helpx.adobe.com/content/dam/help/en/photoshop/using/convert-color-image-black-white/jcr_content/main-pars/before_and_after/image-before/Landscape-Color.jpg','ReeseRoberts','Yambee','Empresa productora de peliculas, buscamos artistas nuevos en el sector','Howard');
INSERT INTO producers (version, photo, username, name, description, sur_name) VALUES (0,'http://www.imagenesamistad.com/wp-content/uploads/2020/10/imagenes-para-perfil-de-whatsapp-22-169x300.jpg','DerekRiddle','Eare','Empresa productora de peliculas, buscamos artistas nuevos en el sector','Orr');
INSERT INTO producers (version, photo, username, name, description, sur_name) VALUES (0,'https://diseñoscreativos.com/wp-content/uploads/2018/06/Imagenes-de-gatos-www.dise%C3%B1oscreativos.com-portada-3-1.jpg','CameronOlson','Twitterbeat','Empresa productora de peliculas, buscamos artistas nuevos en el sector','Gonzales');
INSERT INTO producers (version, photo, username, name, description, sur_name) VALUES (0,'https://images-na.ssl-images-amazon.com/images/I/711LR6+hwIL.jpg','AlexanderLamb','Oyoloo','Empresa productora de peliculas, buscamos artistas nuevos en el sector','Merritt');
INSERT INTO producers (version, photo, username, name, description, sur_name) VALUES (0,'https://cdn77.pressenza.com/wp-content/uploads/2020/07/marte-720x407.png','ZacharyLeonard','Kanoodle','Empresa productora de peliculas, buscamos artistas nuevos en el sector','Maddox');
INSERT INTO producers (version, photo, username, name, description, sur_name) VALUES (0,'http://3.bp.blogspot.com/-Zq4qi5pwJuY/Uj8MixZ4EOI/AAAAAAABCzo/GMa-Z0IlSYw/s640/minions+28.jpg','JerryMiranda','Twimbo','Empresa productora de peliculas, buscamos artistas nuevos en el sector','Hurley');
INSERT INTO producers (version, photo, username, name, description, sur_name) VALUES (0,'https://imagenesactual.com/wp-content/uploads/2020/01/acd7a36dfee686f2d16a8f960a168881.jpg','QuamarEllison','Trilia','Empresa productora de peliculas, buscamos artistas nuevos en el sector','Small');
INSERT INTO producers (version, photo, username, name, description, sur_name) VALUES (0,'https://www.geoenciclopedia.com/wp-content/uploads/2019/04/son_reales_fotos_universo.jpg','KirestinSantiago','Zoomdog','Empresa productora de peliculas, buscamos artistas nuevos en el sector','Wilkerson');
INSERT INTO producers (version, photo, username, name, description, sur_name) VALUES (0,'https://conceptodefinicion.de/wp-content/uploads/2014/05/Imagen-2.jpg','BrettGuy','Roomm','Empresa productora de peliculas, buscamos artistas nuevos en el sector','Bird');
INSERT INTO producers (version, photo, username, name, description, sur_name) VALUES (0,'https://cdn.elgrupoinformatico.com/Noticias/2021/04/libro-1-720x412.png','VenusMiles','Eidel','Empresa productora de peliculas, buscamos artistas nuevos en el sector','Hatfield');
INSERT INTO producers (version, photo, username, name, description, sur_name) VALUES (0,'https://i.pinimg.com/originals/fb/4f/e3/fb4fe360c7f1a6287da0c9fb92a0c8a0.jpg','DeannaWashington','Tagopia','Empresa productora de peliculas, buscamos artistas nuevos en el sector','Mcclure');
INSERT INTO producers (version, photo, username, name, description, sur_name) VALUES (0,'https://phantom-marca.unidadeditorial.es/82def286ff2faf03a0a39a7c0fb446c6/resize/1320/f/jpg/assets/multimedia/imagenes/2021/02/04/16124553907037.jpg','MatthewSlater','Geba','Empresa productora de peliculas, buscamos artistas nuevos en el sector','Witt');
INSERT INTO producers (version, photo, username, name, description, sur_name) VALUES (0,'http://img.rtve.es/imagenes/ojos-miran-desde-confines-del-universo/1272016723576.jpg','ColtonDuffy','Yakidoo','Empresa productora de peliculas, buscamos artistas nuevos en el sector','Spears');
INSERT INTO producers (version, photo, username, name, description, sur_name) VALUES (0,'https://www.deustoformacion.com/sites/deustoformacion/files/imagenes_blog_1/tic/2015/03/world.jpg','NissimBoyer','Topdrive','Empresa productora de peliculas, buscamos artistas nuevos en el sector','Howell');
INSERT INTO producers (version, photo, username, name, description, sur_name) VALUES (0,'https://thypix.com/wp-content/uploads/herzbild-172.jpg','IllanaAvila','Jabbercube','Empresa productora de peliculas, buscamos artistas nuevos en el sector','Livingston');
INSERT INTO producers (version, photo, username, name, description, sur_name) VALUES (0,'https://i.blogs.es/127ad4/facebook-internet/450_1000.jpg','BuffyLynn','Zazio','Empresa productora de peliculas, buscamos artistas nuevos en el sector','Lamb');
INSERT INTO producers (version, photo, username, name, description, sur_name) VALUES (0,'https://medya-audiovisual.com/wp-content/uploads/2016/06/Productora-de-video2.jpg','IdonaMerrill','Gigazoom','Empresa productora de peliculas, buscamos artistas nuevos en el sector','Warner');
INSERT INTO producers (version, photo, username, name, description, sur_name) VALUES (0,'https://pedromoriche.com/wp-content/uploads/2020/10/Productora-audiovisual.jpg','MercedesDunn','Zoovu','Empresa productora de peliculas, buscamos artistas nuevos en el sector','Roach');
INSERT INTO producers (version, photo, username, name, description, sur_name) VALUES (0,'https://www.stringnet.pe/blog/wp-content/uploads/2020/03/productora-audiovisual-peru.jpg','ErichOwen','Fliptune','Empresa productora de peliculas, buscamos artistas nuevos en el sector','Carpenter');
INSERT INTO producers (version, photo, username, name, description, sur_name) VALUES (0,'https://www.costaricacinefest.go.cr/sites/default/files/media/img/principal/cine_columbia-cr.jpg','LillithFrench','Realcube','Empresa productora de peliculas, buscamos artistas nuevos en el sector','Bird');
INSERT INTO producers (version, photo, username, name, description, sur_name) VALUES (0,'https://thumbs.dreamstime.com/z/filmes-conceito-do-cinema-83896265.jpg','DanteCoffey','Plajo','Empresa productora de peliculas, buscamos artistas nuevos en el sector','Odonnell');
INSERT INTO producers (version, photo, username, name, description, sur_name) VALUES (0,'https://i.pinimg.com/originals/93/e3/f1/93e3f10b76c4ebc97b7c33424d6201f8.jpg','JermaineHahn','Trudeo','Empresa productora de peliculas, buscamos artistas nuevos en el sector','Santiago');
INSERT INTO producers (version, photo, username, name, description, sur_name) VALUES (0,'https://i.pinimg.com/originals/e9/79/5f/e9795f29886eba03082ab9d24924f0e8.png','LinusDennis','Feedfire','Empresa productora de peliculas, buscamos artistas nuevos en el sector','Montgomery');
INSERT INTO producers (version, photo, username, name, description, sur_name) VALUES (0,'https://previews.123rf.com/images/zagory/zagory1707/zagory170700007/81229406-ilustraci%C3%B3n-en-el-paisaje-de-estilo-vidriera-con-una-casa-solitaria-en-medio-de-campos-de-lavanda-monta.jpg','IfeomaMiles','Topicblab','Empresa productora de peliculas, buscamos artistas nuevos en el sector','Conley');
INSERT INTO producers (version, photo, username, name, description, sur_name) VALUES (0,'https://cdn.pixabay.com/photo/2020/08/02/20/11/umbrellas-5458531_960_720.jpg','EleanorCrane','Aimbu','Empresa productora de peliculas, buscamos artistas nuevos en el sector','Nguyen');
INSERT INTO producers (version, photo, username, name, description, sur_name) VALUES (0,'https://masimagenesde.com/wp-content/uploads/2017/10/imagenes-artisticas-11.jpg','DesiraeBuchanan','Meedoo','Empresa productora de peliculas, buscamos artistas nuevos en el sector','Wilkinson');
INSERT INTO producers (version, photo, username, name, description, sur_name) VALUES (0,'http://1.bp.blogspot.com/-67RYJ8YZEeI/TViomK5r8xI/AAAAAAAAABo/DQLjJ4I9Yqc/w1200-h630-p-k-no-nu/MONA_L%257E1.JPG','RudyardDiaz','Quamba','Empresa productora de peliculas, buscamos artistas nuevos en el sector','Wynn');


--WRITERS-----------------------------------------------------------------------------------------------------------------------------------------------------------------------
INSERT INTO writers (version, description, name, sur_name, photo, username) VALUES (0,'Aficionado a la escritura desde que era pequeños','Rebecca','Bullock','https://www.adslzone.net/app/uploads-adslzone.net/2019/02/descarga-11-500x500.jpg','GradyManning');
INSERT INTO writers (version, description, name, sur_name, photo, username) VALUES (0,'Aficionado a la escritura desde que era pequeños','Libby','Vaughan','https://xavierferras.com/wp-content/uploads/2019/02/267-persona-2-1-300x268.jpg','KyleConway');
INSERT INTO writers (version, description, name, sur_name, photo, username) VALUES (0,'Aficionado a la escritura desde que era pequeños','Wyatt','Moore','https://pbs.twimg.com/media/DcGWJ8SX0AA7s57.jpg','MelyssaMedina');
INSERT INTO writers (version, description, name, sur_name, photo, username) VALUES (0,'Aficionado a la escritura desde que era pequeños','Ingrid','Ellis','https://www.portalcienciayficcion.com/images/13-tecnologia/atropello/mujer.jpg','IvoryGibbs');
INSERT INTO writers (version, description, name, sur_name, photo, username) VALUES (0,'Aficionado a la escritura desde que era pequeños','Karen','Sanford','http://blogs.publico.es/strambotic/files/2019/02/person1.jpeg','GradyVincent');
INSERT INTO writers (version, description, name, sur_name, photo, username) VALUES (0,'Aficionado a la escritura desde que era pequeños','Stone','Sanford','https://www.superprof.es/imagenes/anuncios/profesor-home-mejoremos-nuestro-vocabulario-aprendizaje-espanol-leyendo-textos-aleatorios-vamos-con-todo.jpg','BrodyDavidson');
INSERT INTO writers (version, description, name, sur_name, photo, username) VALUES (0,'Aficionado a la escritura desde que era pequeños','Hop','Blevins','https://i.pinimg.com/originals/3c/03/a4/3c03a4d36f66ec9da284d89914bd2d39.jpg','WyomingSilva');
INSERT INTO writers (version, description, name, sur_name, photo, username) VALUES (0,'Aficionado a la escritura desde que era pequeños','Hammett','Atkins','https://www.trecebits.com/wp-content/uploads/2019/02/Persona-1-445x445.jpg','JoanGaines');
INSERT INTO writers (version, description, name, sur_name, photo, username) VALUES (0,'Aficionado a la escritura desde que era pequeños','Sara','Snow','https://irutv.com/wp-content/uploads/2019/04/cara-artificial.jpg','NatalieRowland');
INSERT INTO writers (version, description, name, sur_name, photo, username) VALUES (0,'Aficionado a la escritura desde que era pequeños','Magee','Schroeder','https://i.pinimg.com/564x/6e/49/59/6e4959bf2741401b0d4f055a892d8adc.jpg','KellyLeon');
INSERT INTO writers (version, description, name, sur_name, photo, username) VALUES (0,'Aficionado a la escritura desde que era pequeños','Idona','Farmer','https://i.pinimg.com/originals/46/03/a1/4603a1605e05a4e5594c8ca56af703f0.jpg','IlianaEllis');
INSERT INTO writers (version, description, name, sur_name, photo, username) VALUES (0,'Aficionado a la escritura desde que era pequeños','Clio','Fisher','https://data.whicdn.com/images/310550090/original.jpg?t=1523461422','OlgaLindsey');
INSERT INTO writers (version, description, name, sur_name, photo, username) VALUES (0,'Aficionado a la escritura desde que era pequeños','Jerome','Sims','https://www.eltriangle.eu/wp-content/uploads/2020/11/peru-2-scaled.jpeg','ElvisCastillo');
INSERT INTO writers (version, description, name, sur_name, photo, username) VALUES (0,'Aficionado a la escritura desde que era pequeños','Amethyst','Wagner','https://www.recreoviral.com/wp-content/uploads/2018/10/mestizos-recreoviral.com-13.jpg','VeraAtkinson');
INSERT INTO writers (version, description, name, sur_name, photo, username) VALUES (0,'Aficionado a la escritura desde que era pequeños','Giacomo','Battle','https://i.imgur.com/ddiph8r.jpg','RanaRush');
INSERT INTO writers (version, description, name, sur_name, photo, username) VALUES (0,'Aficionado a la escritura desde que era pequeños','Charlotte','Mcbride','https://i.imgur.com/sB4za3N.jpg','AlanaBartlett');
INSERT INTO writers (version, description, name, sur_name, photo, username) VALUES (0,'Aficionado a la escritura desde que era pequeños','Halla','Foster','https://capsuladelengua.files.wordpress.com/2013/09/adefesio.jpg?w=640','NaomiMcgowan');
INSERT INTO writers (version, description, name, sur_name, photo, username) VALUES (0,'Aficionado a la escritura desde que era pequeños','Kasimir','Reese','https://i2.wp.com/www.radiopasillo.net/media/2017/06/Ramis.jpg?w=1080','HeidiMathews');
INSERT INTO writers (version, description, name, sur_name, photo, username) VALUES (0,'Aficionado a la escritura desde que era pequeños','Blake','Burgess','https://encrypted-tbn0.gstatic.com/images?q=tbn:ANd9GcT15Tn30R-DXeXSdZWC4vXnGhYep2lz2F_Bzr6E1ebN9U8XIpWByK_rI6Lvcw4vhaqCeuA&usqp=CAU','LewisRandolph');
INSERT INTO writers (version, description, name, sur_name, photo, username) VALUES (0,'Aficionado a la escritura desde que era pequeños','Blaine','Wood','https://www.soy502.com/sites/default/files/styles/escalar_image_inline/public/2019/Feb/15/esta_persona_no_existe_0.jpeg','StewartMarquez');
INSERT INTO writers (version, description, name, sur_name, photo, username) VALUES (0,'Aficionado a la escritura desde que era pequeños','Sydney','Larson','https://www.adslzone.net/app/uploads-adslzone.net/2019/02/descarga-8-500x500.jpg','MiriamKeller');
INSERT INTO writers (version, description, name, sur_name, photo, username) VALUES (0,'Aficionado a la escritura desde que era pequeños','Cassidy','Franklin','https://pbs.twimg.com/media/DqkJ5O0U4AA7mKg.jpg','FrancesSalazar');
INSERT INTO writers (version, description, name, sur_name, photo, username) VALUES (0,'Aficionado a la escritura desde que era pequeños','Quamar','Weeks','https://cdn.businessinsider.es/sites/navi.axelspringer.es/public/styles/bi_876/public/media/image/2020/11/chica-no-existe-2152793.jpg?itok=VPmZGKIx','MosesBarrera');
INSERT INTO writers (version, description, name, sur_name, photo, username) VALUES (0,'Aficionado a la escritura desde que era pequeños','Ruth','Palmer','https://scenio.es/wp-content/uploads/2019/04/Esta-persona-no-existe.jpg','PerryBarton');
INSERT INTO writers (version, description, name, sur_name, photo, username) VALUES (0,'Aficionado a la escritura desde que era pequeños','Nissim','Davis','https://i.pinimg.com/originals/ea/2c/83/ea2c83bb491a03f6f58c25d7528cdc92.jpg','GuinevereHorn');
INSERT INTO writers (version, description, name, sur_name, photo, username) VALUES (0,'Aficionado a la escritura desde que era pequeños','Keefe','Best','https://static.eldiario.es/clip/b8f9908d-bd16-4331-a52a-1b3cd7e7d817_9-16-aspect-ratio_default_0.jpg','JonasJensen');
INSERT INTO writers (version, description, name, sur_name, photo, username) VALUES (0,'Aficionado a la escritura desde que era pequeños','Nomlanga','Cantrell','https://bucket2.glanacion.com/anexos/fotos/23/2875123w380.jpg','JacksonBeck');
INSERT INTO writers (version, description, name, sur_name, photo, username) VALUES (0,'Aficionado a la escritura desde que era pequeños','Sean','Carson','https://junglamoderna.com/wp-content/uploads/2019/02/esta-persona-no-exist-297x300.jpg','QuinCollier');
INSERT INTO writers (version, description, name, sur_name, photo, username) VALUES (0,'Aficionado a la escritura desde que era pequeños','Rhoda','Guy','https://bucket2.glanacion.com/anexos/fotos/24/2875124w380.jpg','ShannonBuckner');
INSERT INTO writers (version, description, name, sur_name, photo, username) VALUES (0,'Aficionado a la escritura desde que era pequeños','Aaron','Potts','https://www.contrareplica.mx/uploads/galerias/normal/e0c06097817f314ed2f1357f79f4c69c.jpg','AlfredaPhillips');
INSERT INTO writers (version, description, name, sur_name, photo, username) VALUES (0,'Aficionado a la escritura desde que era pequeños','George','Lowe','https://i.pinimg.com/originals/6a/a0/28/6aa0288a6c3fef75d5392f6ed3fb3dd7.jpg','IlianaDillard');
INSERT INTO writers (version, description, name, sur_name, photo, username) VALUES (0,'Aficionado a la escritura desde que era pequeños','Dale','Obrien','https://cadenaser00.epimg.net/ser/imagenes/2019/02/20/radio_cordoba/1550656076_054047_1550656260_noticia_normal.jpg','BrynnePatton');
INSERT INTO writers (version, description, name, sur_name, photo, username) VALUES (0,'Aficionado a la escritura desde que era pequeños','Barbara','English','https://i.pinimg.com/736x/c8/e9/72/c8e972106158f5dd52b0b20c6292f089.jpg','JenniferBaird');
INSERT INTO writers (version, description, name, sur_name, photo, username) VALUES (0,'Aficionado a la escritura desde que era pequeños','Giselle','Glover','https://www.contrareplica.mx/uploads/galerias/normal/93dabd5b458063670d4be2082049d426.jpg','DariaSheppard');
INSERT INTO writers (version, description, name, sur_name, photo, username) VALUES (0,'Aficionado a la escritura desde que era pequeños','Clinton','Kelley','https://www.futuroprossimo.it/wp-content/uploads/2019/09/000124.jpg.webp','ScarletHamilton');
INSERT INTO writers (version, description, name, sur_name, photo, username) VALUES (0,'Aficionado a la escritura desde que era pequeños','Caryn','Maldonado','https://www.futuroprossimo.it/wp-content/uploads/2019/09/000024.jpg','KaneBurch');
INSERT INTO writers (version, description, name, sur_name, photo, username) VALUES (0,'Aficionado a la escritura desde que era pequeños','Noelle','Mcfadden','https://mymodernmet.com/wp/wp-content/uploads/2019/09/100k-ai-faces-5.jpg','SybillWilliamson');
INSERT INTO writers (version, description, name, sur_name, photo, username) VALUES (0,'Aficionado a la escritura desde que era pequeños','Samantha','Rivas','https://img.freepik.com/foto-gratis/retrato-asiatico-joven-muchacha-aislado_53876-70968.jpg?size=626&ext=jpg','HedwigCarey');
INSERT INTO writers (version, description, name, sur_name, photo, username) VALUES (0,'Aficionado a la escritura desde que era pequeños','Bradley','Petty','https://processingraw.com/wp-content/uploads/2016/07/licuar-con-deteccion-de-rostros-3-729x1024.jpg','JosephineWoodard');
INSERT INTO writers (version, description, name, sur_name, photo, username) VALUES (0,'Aficionado a la escritura desde que era pequeños','Bert','Moody','https://www.lecturadelrostro.com/wp-content/uploads/2011/02/oldmanfaceread-e1433460211885-1024x843-450x370.jpg','AlecHill');
INSERT INTO writers (version, description, name, sur_name, photo, username) VALUES (0,'Aqui se asocian las historias de usuarios eliminados','User','Deleted','https://www.lecturadeltro.com/wp-content/uploads/2011/02/oldmanfaceread-e1433460211885-1024x843-450x370.jpg','DeletedUser');

--AUTHORITIES-----------------------------------------------------------------------------------------------------------------------------------------------------------------------
INSERT INTO authorities(username, authority) VALUES ('admin','admin');
INSERT INTO authorities(username, authority) VALUES ('artist','artist');

INSERT INTO authorities (username, authority) VALUES ('JarrodHuffman', 'artist');
INSERT INTO authorities (username, authority) VALUES ('RossSimpson', 'artist');
INSERT INTO authorities (username, authority) VALUES ('GrayChurch', 'artist');
INSERT INTO authorities (username, authority) VALUES ('RonanMoss', 'artist');
INSERT INTO authorities (username, authority) VALUES ('DeniseMills', 'artist');
INSERT INTO authorities (username, authority) VALUES ('JoyVillarreal', 'artist');
INSERT INTO authorities (username, authority) VALUES ('AshelyGuzman', 'artist');
INSERT INTO authorities (username, authority) VALUES ('TatyanaAvila', 'artist');
INSERT INTO authorities (username, authority) VALUES ('GlennaWheeler', 'artist');
INSERT INTO authorities (username, authority) VALUES ('WinterCastro', 'artist');
INSERT INTO authorities (username, authority) VALUES ('AquilaRodriquez', 'artist');
INSERT INTO authorities (username, authority) VALUES ('OraBoyle', 'artist');
INSERT INTO authorities (username, authority) VALUES ('HedyTate', 'artist');
INSERT INTO authorities (username, authority) VALUES ('WyattHogan', 'artist');
INSERT INTO authorities (username, authority) VALUES ('RudyardRogers', 'artist');
INSERT INTO authorities (username, authority) VALUES ('HunterMcfarland', 'artist');
INSERT INTO authorities (username, authority) VALUES ('AmberWiley', 'artist');
INSERT INTO authorities (username, authority) VALUES ('MicahBurch', 'artist');
INSERT INTO authorities (username, authority) VALUES ('JaredAvery', 'artist');

--authorities producers----------------------------------------------------------------------------
INSERT INTO authorities (username, authority) VALUES ('FrancisHolder','producer');
INSERT INTO authorities (username, authority) VALUES ('EmiLogan','producer');
INSERT INTO authorities (username, authority) VALUES ('LeeRobertson','producer');
INSERT INTO authorities (username, authority) VALUES ('FlorenceCooper','producer');
INSERT INTO authorities (username, authority) VALUES ('HayesBenton','producer');
INSERT INTO authorities (username, authority) VALUES ('MarciaCollier','producer');
INSERT INTO authorities (username, authority) VALUES ('VannaHarding','producer');
INSERT INTO authorities (username, authority) VALUES ('XylaLamb','producer');
INSERT INTO authorities (username, authority) VALUES ('VeronicaDuran','producer');
INSERT INTO authorities (username, authority) VALUES ('LawrenceHolland','producer');
INSERT INTO authorities (username, authority) VALUES ('RhonaKing','producer');
INSERT INTO authorities (username, authority) VALUES ('XenaDalton','producer');
INSERT INTO authorities (username, authority) VALUES ('BarclayGoodman','producer');
INSERT INTO authorities (username, authority) VALUES ('UrsulaHenderson','producer');
INSERT INTO authorities (username, authority) VALUES ('ReeseRoberts','producer');
INSERT INTO authorities (username, authority) VALUES ('DerekRiddle','producer');
INSERT INTO authorities (username, authority) VALUES ('CameronOlson','producer');
INSERT INTO authorities (username, authority) VALUES ('AlexanderLamb','producer');
INSERT INTO authorities (username, authority) VALUES ('ZacharyLeonard','producer');
INSERT INTO authorities (username, authority) VALUES ('JerryMiranda','producer');
INSERT INTO authorities (username, authority) VALUES ('QuamarEllison','producer');
INSERT INTO authorities (username, authority) VALUES ('KirestinSantiago','producer');
INSERT INTO authorities (username, authority) VALUES ('BrettGuy','producer');
INSERT INTO authorities (username, authority) VALUES ('VenusMiles','producer');
INSERT INTO authorities (username, authority) VALUES ('DeannaWashington','producer');
INSERT INTO authorities (username, authority) VALUES ('MatthewSlater','producer');
INSERT INTO authorities (username, authority) VALUES ('ColtonDuffy','producer');
INSERT INTO authorities (username, authority) VALUES ('NissimBoyer','producer');
INSERT INTO authorities (username, authority) VALUES ('IllanaAvila','producer');
INSERT INTO authorities (username, authority) VALUES ('BuffyLynn','producer');
INSERT INTO authorities (username, authority) VALUES ('IdonaMerrill','producer');
INSERT INTO authorities (username, authority) VALUES ('MercedesDunn','producer');
INSERT INTO authorities (username, authority) VALUES ('ErichOwen','producer');
INSERT INTO authorities (username, authority) VALUES ('LillithFrench','producer');
INSERT INTO authorities (username, authority) VALUES ('DanteCoffey','producer');
INSERT INTO authorities (username, authority) VALUES ('JermaineHahn','producer');
INSERT INTO authorities (username, authority) VALUES ('LinusDennis','producer');
INSERT INTO authorities (username, authority) VALUES ('IfeomaMiles','producer');
INSERT INTO authorities (username, authority) VALUES ('EleanorCrane','producer');
INSERT INTO authorities (username, authority) VALUES ('DesiraeBuchanan','producer');
INSERT INTO authorities (username, authority) VALUES ('RudyardDiaz','producer');

--authorities writers----------------------------------------------------------------------------
INSERT INTO authorities (username, authority) VALUES ('GradyManning','writer');
INSERT INTO authorities (username, authority) VALUES ('KyleConway','writer');
INSERT INTO authorities (username, authority) VALUES ('MelyssaMedina','writer');
INSERT INTO authorities (username, authority) VALUES ('IvoryGibbs','writer');
INSERT INTO authorities (username, authority) VALUES ('GradyVincent','writer');
INSERT INTO authorities (username, authority) VALUES ('BrodyDavidson','writer');
INSERT INTO authorities (username, authority) VALUES ('WyomingSilva','writer');
INSERT INTO authorities (username, authority) VALUES ('JoanGaines','writer');
INSERT INTO authorities (username, authority) VALUES ('NatalieRowland','writer');
INSERT INTO authorities (username, authority) VALUES ('KellyLeon','writer');
INSERT INTO authorities (username, authority) VALUES ('IlianaEllis','writer');
INSERT INTO authorities (username, authority) VALUES ('OlgaLindsey','writer');
INSERT INTO authorities (username, authority) VALUES ('ElvisCastillo','writer');
INSERT INTO authorities (username, authority) VALUES ('VeraAtkinson','writer');
INSERT INTO authorities (username, authority) VALUES ('RanaRush','writer');
INSERT INTO authorities (username, authority) VALUES ('AlanaBartlett','writer');
INSERT INTO authorities (username, authority) VALUES ('NaomiMcgowan','writer');
INSERT INTO authorities (username, authority) VALUES ('HeidiMathews','writer');
INSERT INTO authorities (username, authority) VALUES ('LewisRandolph','writer');
INSERT INTO authorities (username, authority) VALUES ('StewartMarquez','writer');
INSERT INTO authorities (username, authority) VALUES ('MiriamKeller','writer');
INSERT INTO authorities (username, authority) VALUES ('FrancesSalazar','writer');
INSERT INTO authorities (username, authority) VALUES ('MosesBarrera','writer');
INSERT INTO authorities (username, authority) VALUES ('PerryBarton','writer');
INSERT INTO authorities (username, authority) VALUES ('GuinevereHorn','writer');
INSERT INTO authorities (username, authority) VALUES ('JonasJensen','writer');
INSERT INTO authorities (username, authority) VALUES ('JacksonBeck','writer');
INSERT INTO authorities (username, authority) VALUES ('QuinCollier','writer');
INSERT INTO authorities (username, authority) VALUES ('ShannonBuckner','writer');
INSERT INTO authorities (username, authority) VALUES ('AlfredaPhillips','writer');
INSERT INTO authorities (username, authority) VALUES ('IlianaDillard','writer');
INSERT INTO authorities (username, authority) VALUES ('BrynnePatton','writer');
INSERT INTO authorities (username, authority) VALUES ('JenniferBaird','writer');
INSERT INTO authorities (username, authority) VALUES ('DariaSheppard','writer');
INSERT INTO authorities (username, authority) VALUES ('ScarletHamilton','writer');
INSERT INTO authorities (username, authority) VALUES ('KaneBurch','writer');
INSERT INTO authorities (username, authority) VALUES ('SybillWilliamson','writer');
INSERT INTO authorities (username, authority) VALUES ('HedwigCarey','writer');
INSERT INTO authorities (username, authority) VALUES ('JosephineWoodard','writer');
INSERT INTO authorities (username, authority) VALUES ('AlecHill','writer');
INSERT INTO authorities (username, authority) VALUES ('DeletedUser','writer');

--STORIES----------------------------------------------------------------------------

INSERT INTO stories (version, title, body, genre, storylength, is_sponsored,photo,numlikes) VALUES (0,'The Fault in Our Stars','En esta historia el protagonista decide abandonar su hogar y explorar el mundo','ACCION',1000, true,'https://i.pinimg.com/564x/60/ac/3b/60ac3bd7d45a2ad91725b976b61656c3.jpg',0);
INSERT INTO stories (version, title, body, genre, storylength, is_sponsored,photo,numlikes) VALUES (0,'Gone Girl','En esta historia el protagonista decide abandonar su hogar y explorar el mundo','ACCION',1000, true,'https://n-accion.es/wp-content/uploads/2016/09/Fotolia_42033283_XL.jpg',4);
INSERT INTO stories (version, title, body, genre, storylength, is_sponsored,photo,numlikes) VALUES (0,'City of Lost Souls','En esta historia el protagonista decide abandonar su hogar y explorar el mundo','ACCION',1000, true,'https://i.blogs.es/39cab6/slide_438738_5766026_free/450_1000.jpg',0);
INSERT INTO stories (version, title, body, genre, storylength, is_sponsored,photo,numlikes) VALUES (0,'Pandemonium','En esta historia el protagonista decide abandonar su hogar y explorar el mundo','ACCION',1000, true,'https://www.ambientum.com/wp-content/uploads/2018/03/conservacion-naturaleza-6-696x464.jpg',0);
INSERT INTO stories (version, title, body, genre, storylength, is_sponsored,photo,numlikes) VALUES (0,'Cinder','En esta historia el protagonista decide abandonar su hogar y explorar el mundo','CIENCIA_FICCION',1000, true,'https://ideasparafotos.com/wp-content/uploads/2019/12/fotos-de-mariposas-preciosas.jpg',0);
INSERT INTO stories (version, title, body, genre, storylength,photo,numlikes) VALUES (0,'Easy','En esta historia el protagonista decide abandonar su hogar y explorar el mundo','CIENCIA_FICCION',1000,'https://www.gndiario.com/sites/default/files/styles/noticia_detalle_noticia_2_1/public/noticias/naturaleza-cuidar-humanos.jpg?itok=aT4LSMUD',0);
INSERT INTO stories (version, title, body, genre, storylength,photo,numlikes) VALUES (0,'The Golden Lily','En esta historia el protagonista decide abandonar su hogar y explorar el mundo','CIENCIA_FICCION',1000,'https://micarrerauniversitaria.com/wp-content/uploads/2018/03/carrera-de-historia-2.jpg',0);
INSERT INTO stories (version, title, body, genre, storylength,photo,numlikes) VALUES (0,'Slammed','En esta historia el protagonista decide abandonar su hogar y explorar el mundo','CIENCIA_FICCION',1000,'https://www.que-leer.com/wp-content/uploads/2020/12/libros-para-los-mas-pequenos-de-la-casa.jpg',0);
INSERT INTO stories (version, title, body, genre, storylength,photo,numlikes) VALUES (0,'The Selection','En esta historia el protagonista decide abandonar su hogar y explorar el mundo','TERROR',1000,'https://medya-audiovisual.com/wp-content/uploads/2019/08/ilustraciones-par-libros.jpg',0);
INSERT INTO stories (version, title, body, genre, storylength,photo,numlikes) VALUES (0,'Wonder','En esta historia el protagonista decide abandonar su hogar y explorar el mundo','TERROR',1000,'https://www.estandarte.com/imagenes/fot_3441_gr.jpg',0);
INSERT INTO stories (version, title, body, genre, storylength,photo,numlikes) VALUES (0,'Bared to You','En esta historia el protagonista decide abandonar su hogar y explorar el mundo','TERROR',1000,'http://3.bp.blogspot.com/-YGndWdONF5Y/UHxZPyYGVPI/AAAAAAAAEZE/UcfgNMsdODI/s640/halloween+gato.jpg',0);
INSERT INTO stories (version, title, body, genre, storylength,photo,numlikes) VALUES (0,'Third Grave Dead Ahead','En esta historia el protagonista decide abandonar su hogar y explorar el mundo','TERROR',1000,'https://okdiario.com/img/2017/10/11/los-3-mejores-libros-de-terror-para-pasar-un-halloween-de-miedo-3-620x348.jpg',0);
INSERT INTO stories (version, title, body, genre, storylength,photo,numlikes) VALUES (0,'Lover Reborn','En esta historia el protagonista decide abandonar su hogar y explorar el mundo','PSICOLOGICO',1000,'https://www.espectaculosbcn.com/wp-content/uploads/2019/09/libros-de-terror-psicol%C3%B3gico-1.jpg',0);
INSERT INTO stories (version, title, body, genre, storylength,photo,numlikes) VALUES (0,'Under the Never Sky','En esta historia el protagonista decide abandonar su hogar y explorar el mundo','PSICOLOGICO',1000,'https://www.hola.com/imagenes/estar-bien/20181030132154/libros-novela-negra-y-terror-noche-de-miedo/0-615-667/libros-de-miedo-novela-negra-m.jpg',0);
INSERT INTO stories (version, title, body, genre, storylength,photo,numlikes) VALUES (0,'Point of Retreat','En esta historia el protagonista decide abandonar su hogar y explorar el mundo','PSICOLOGICO',1000,'https://i.blogs.es/0dea34/cthulhu/450_1000.jpeg',0);
INSERT INTO stories (version, title, body, genre, storylength,photo,numlikes) VALUES (0,'Defending Jacob','En esta historia el protagonista decide abandonar su hogar y explorar el mundo','PSICOLOGICO',1000,'https://www.eltiempo.com/abc_files/article_main/uploads/2017/10/12/59df032d80991.jpeg',0);
INSERT INTO stories (version, title, body, genre, storylength,photo,numlikes) VALUES (0,'Fourth Grave Beneath My Feet','En esta historia el protagonista decide abandonar su hogar y explorar el mundo','HUMORISTICO',1000,'https://i.pinimg.com/originals/5d/1c/e9/5d1ce90d443c37c1fe38afe97d0e746a.jpg',0);
INSERT INTO stories (version, title, body, genre, storylength,photo,numlikes) VALUES (0,'Shadow of Night','En esta historia el protagonista decide abandonar su hogar y explorar el mundo','HUMORISTICO',1000,'https://www.muycomputerpro.com/wp-content/uploads/2020/07/C86.jpg',0);
INSERT INTO stories (version, title, body, genre, storylength,photo,numlikes) VALUES (0,'Hallowed','En esta historia el protagonista decide abandonar su hogar y explorar el mundo','HUMORISTICO',1000,'https://psicocode.com/wp-content/uploads/2018/05/humor.jpg',0);
INSERT INTO stories (version, title, body, genre, storylength,photo,numlikes) VALUES (0,'The Serpents Shadow','En esta historia el protagonista decide abandonar su hogar y explorar el mundo','HUMORISTICO',1000,'https://www.etcetera.com.mx/wp-content/uploads/2019/10/El-humor-oficial-1-1024x683.jpg',0);
INSERT INTO stories (version, title, body, genre, storylength,photo,numlikes) VALUES (0,'Rapture','En esta historia el protagonista decide abandonar su hogar y explorar el mundo','FICCION',1000,'https://www.luisgarciamillan.es/wp-content/uploads/2020/12/mejores-libros-de-ciencia-ficcion.jpg',0);
INSERT INTO stories (version, title, body, genre, storylength,photo,numlikes) VALUES (0,'The Immortal Rules','En esta historia el protagonista decide abandonar su hogar y explorar el mundo','FICCION',1000,'https://www.muypymes.com/wp-content/uploads/2017/09/ciencia_ficcion2-630x330.jpg',0);
INSERT INTO stories (version, title, body, genre, storylength,photo,numlikes) VALUES (0,'On Dublin Street','En esta historia el protagonista decide abandonar su hogar y explorar el mundo','FICCION',1000,'https://n6x9y4s3.rocketcdn.me/wp-content/uploads/2018/10/dune.jpg',0);
INSERT INTO stories (version, title, body, genre, storylength,photo,numlikes) VALUES (0,'Bitterblue','En esta historia el protagonista decide abandonar su hogar y explorar el mundo','FICCION',1000,'https://cdni.rbth.com/rbthmedia/images/2018.03/article/5aa643d985600a1f6b0f71de.jpg',0);
INSERT INTO stories (version, title, body, genre, storylength,photo,numlikes) VALUES (0,'Spell Bound','En esta historia el protagonista decide abandonar su hogar y explorar el mundo','FICCION',1000,'https://www.libreriauniversitaria.com.ar/assets/uploads/libros-de-ciencia-ficcion.jpg',0);


--REL_STORY_WRITERS----------------------------------------------------------------------------
INSERT INTO rel_story_writers (story_id, writer_id) VALUES (1,1);
INSERT INTO rel_story_writers (story_id, writer_id) VALUES (2,2);
INSERT INTO rel_story_writers (story_id, writer_id) VALUES (3,3);
INSERT INTO rel_story_writers (story_id, writer_id) VALUES (4,4);
INSERT INTO rel_story_writers (story_id, writer_id) VALUES (5,5);
INSERT INTO rel_story_writers (story_id, writer_id) VALUES (6,6);
INSERT INTO rel_story_writers (story_id, writer_id) VALUES (7,7);
INSERT INTO rel_story_writers (story_id, writer_id) VALUES (8,8);
INSERT INTO rel_story_writers (story_id, writer_id) VALUES (9,9);
INSERT INTO rel_story_writers (story_id, writer_id) VALUES (10,10);
INSERT INTO rel_story_writers (story_id, writer_id) VALUES (11,11);
INSERT INTO rel_story_writers (story_id, writer_id) VALUES (12,12);
INSERT INTO rel_story_writers (story_id, writer_id) VALUES (13,13);
INSERT INTO rel_story_writers (story_id, writer_id) VALUES (14,14);
INSERT INTO rel_story_writers (story_id, writer_id) VALUES (15,15);
INSERT INTO rel_story_writers (story_id, writer_id) VALUES (16,16);
INSERT INTO rel_story_writers (story_id, writer_id) VALUES (17,17);
INSERT INTO rel_story_writers (story_id, writer_id) VALUES (18,18);
INSERT INTO rel_story_writers (story_id, writer_id) VALUES (19,19);
INSERT INTO rel_story_writers (story_id, writer_id) VALUES (20,20);
INSERT INTO rel_story_writers (story_id, writer_id) VALUES (21,21);
INSERT INTO rel_story_writers (story_id, writer_id) VALUES (22,22);
INSERT INTO rel_story_writers (story_id, writer_id) VALUES (23,23);
INSERT INTO rel_story_writers (story_id, writer_id) VALUES (24,24);
INSERT INTO rel_story_writers (story_id, writer_id) VALUES (25,25);

--PROJECTS----------------------------------------------------------------------------
INSERT INTO projects (version,title, genre, description, pro, photo,my_admin,is_sponsored) VALUES (0,'Producciones Sevilla','ACCION','Creando contenido desde hace 17 años, buscamos nuevos miembros',true,'http://www.europajoven.org/media/k2/items/cache/bfa9b7e5542153d134a3eed2bd0df6f6_XL.jpg','JarrodHuffman',true);
INSERT INTO projects (version,title, genre, description, pro, photo,my_admin,is_sponsored) VALUES (0,'Producciones Barcelona','CIENCIA_FICCION','Creando contenido desde hace 17 años, buscamos nuevos miembros',false,'https://pbs.twimg.com/media/Dg7MifKW0AAev3D.jpg','DeniseMills',true);
INSERT INTO projects (version,title, genre, description, pro, photo,my_admin) VALUES (0,'Producciones Brasil','FICCION','Creando contenido desde hace 17 años, buscamos nuevos miembros',true,'https://i.pinimg.com/564x/f0/6f/77/f06f772e10c88bcfd4b4d8e134575f4e.jpg','WinterCastro');
INSERT INTO projects (version,title, genre, description, pro, photo,my_admin) VALUES (0,'Producciones Portugal','TERROR','Creando contenido desde hace 17 años, buscamos nuevos miembros',false,'https://redmagisterial.s3.amazonaws.com/media/uploads/blog/aexpresarte.jpg','RudyardRogers');
INSERT INTO projects (version,title, genre, description, pro, photo,my_admin) VALUES (0,'Sartemix','TERROR','Creando contenido desde hace 17 años, buscamos nuevos miembros',false,'https://previews.123rf.com/images/silversky2212/silversky22121210/silversky2212121000004/15827017-fractales-resumen-de-antecedentes-en-el-negro-para-proyecto-art%C3%ADstico.jpg','JarrodHuffman');
INSERT INTO projects (version,title, genre, description, pro, photo,my_admin) VALUES (0,'Entretenimientos Ronan','PSICOLOGICO','Solo se aceptan profesionales del sector, preferiblemente de este genero de peliculas',true,'https://encrypted-tbn0.gstatic.com/images?q=tbn:ANd9GcSPWeYSDHa2-6sg5bF6d_mXZ9Ysw9Iri-jgSPz4CgbpTOaOdgRjWnJc8aM6Q0LxpmTVNg8&usqp=CAU','GrayChurch');
INSERT INTO projects (version,title, genre, description, pro, photo,my_admin) VALUES (0,'Proyecto de 4 personas','HUMORISTICO','Buscando pasarlo bien creando contenido en un ambiente agradable',false,'https://blog.uniacc.cl/hubfs/%C2%BFQue%CC%81%20es%20la%20gestio%CC%81n%20de%20proyectos%20arti%CC%81sticos%3F.png','JoyVillarreal');


--REL_PROJECTS_ARTISTS----------------------------------------------------------------------------
INSERT INTO rel_projects_artists (project_id, artist_id) VALUES (1,1);
INSERT INTO rel_projects_artists (project_id, artist_id) VALUES (1,2);
INSERT INTO rel_projects_artists (project_id, artist_id) VALUES (1,3);
INSERT INTO rel_projects_artists (project_id, artist_id) VALUES (1,4);
INSERT INTO rel_projects_artists (project_id, artist_id) VALUES (1,5);
INSERT INTO rel_projects_artists (project_id, artist_id) VALUES (2,6);
INSERT INTO rel_projects_artists (project_id, artist_id) VALUES (2,7);
INSERT INTO rel_projects_artists (project_id, artist_id) VALUES (2,8);
INSERT INTO rel_projects_artists (project_id, artist_id) VALUES (2,9);
INSERT INTO rel_projects_artists (project_id, artist_id) VALUES (2,10);
INSERT INTO rel_projects_artists (project_id, artist_id) VALUES (3,11);
INSERT INTO rel_projects_artists (project_id, artist_id) VALUES (3,12);
INSERT INTO rel_projects_artists (project_id, artist_id) VALUES (3,13);
INSERT INTO rel_projects_artists (project_id, artist_id) VALUES (3,14);
INSERT INTO rel_projects_artists (project_id, artist_id) VALUES (3,15);
INSERT INTO rel_projects_artists (project_id, artist_id) VALUES (4,16);
INSERT INTO rel_projects_artists (project_id, artist_id) VALUES (4,17);
INSERT INTO rel_projects_artists (project_id, artist_id) VALUES (4,18);
INSERT INTO rel_projects_artists (project_id, artist_id) VALUES (4,19);
INSERT INTO rel_projects_artists (project_id, artist_id) VALUES (4,20);
INSERT INTO rel_projects_artists (project_id, artist_id) VALUES (5,1);
INSERT INTO rel_projects_artists (project_id, artist_id) VALUES (5,2);
INSERT INTO rel_projects_artists (project_id, artist_id) VALUES (5,3);
INSERT INTO rel_projects_artists (project_id, artist_id) VALUES (6,4);
INSERT INTO rel_projects_artists (project_id, artist_id) VALUES (6,5);
INSERT INTO rel_projects_artists (project_id, artist_id) VALUES (6,6);
INSERT INTO rel_projects_artists (project_id, artist_id) VALUES (7,7);
INSERT INTO rel_projects_artists (project_id, artist_id) VALUES (7,8);
INSERT INTO rel_projects_artists (project_id, artist_id) VALUES (7,9);
INSERT INTO rel_projects_artists (project_id, artist_id) VALUES (7,10);

--REL_PROJECTS_PRODUCERS----------------------------------------------------------------------------
INSERT INTO rel_projects_producers (project_id, producer_id) VALUES (1,1);
INSERT INTO rel_projects_producers (project_id, producer_id) VALUES (1,2);
INSERT INTO rel_projects_producers (project_id, producer_id) VALUES (1,3);
INSERT INTO rel_projects_producers (project_id, producer_id) VALUES (1,4);
INSERT INTO rel_projects_producers (project_id, producer_id) VALUES (1,5);
INSERT INTO rel_projects_producers (project_id, producer_id) VALUES (2,6);
INSERT INTO rel_projects_producers (project_id, producer_id) VALUES (2,7);
INSERT INTO rel_projects_producers (project_id, producer_id) VALUES (2,8);
INSERT INTO rel_projects_producers (project_id, producer_id) VALUES (2,9);
INSERT INTO rel_projects_producers (project_id, producer_id) VALUES (2,10);
INSERT INTO rel_projects_producers (project_id, producer_id) VALUES (3,11);
INSERT INTO rel_projects_producers (project_id, producer_id) VALUES (3,12);
INSERT INTO rel_projects_producers (project_id, producer_id) VALUES (3,13);
INSERT INTO rel_projects_producers (project_id, producer_id) VALUES (3,14);
INSERT INTO rel_projects_producers (project_id, producer_id) VALUES (3,15);
INSERT INTO rel_projects_producers (project_id, producer_id) VALUES (4,16);
INSERT INTO rel_projects_producers (project_id, producer_id) VALUES (4,17);
INSERT INTO rel_projects_producers (project_id, producer_id) VALUES (4,18);
INSERT INTO rel_projects_producers (project_id, producer_id) VALUES (4,19);
INSERT INTO rel_projects_producers (project_id, producer_id) VALUES (4,20);
INSERT INTO rel_projects_producers (project_id, producer_id) VALUES (5,1);
INSERT INTO rel_projects_producers (project_id, producer_id) VALUES (5,2);
INSERT INTO rel_projects_producers (project_id, producer_id) VALUES (5,3);
INSERT INTO rel_projects_producers (project_id, producer_id) VALUES (6,4);
INSERT INTO rel_projects_producers (project_id, producer_id) VALUES (6,5);
INSERT INTO rel_projects_producers (project_id, producer_id) VALUES (6,6);
INSERT INTO rel_projects_producers (project_id, producer_id) VALUES (7,7);
INSERT INTO rel_projects_producers (project_id, producer_id) VALUES (7,8);
INSERT INTO rel_projects_producers (project_id, producer_id) VALUES (7,9);
INSERT INTO rel_projects_producers (project_id, producer_id) VALUES (7,10);

--REL_PROJECTS_STORIES----------------------------------------------------------------------------
INSERT INTO rel_projects_story (project_id, story_id) VALUES (1,1);
INSERT INTO rel_projects_story (project_id, story_id) VALUES (2,1);
INSERT INTO rel_projects_story (project_id, story_id) VALUES (3,1);
INSERT INTO rel_projects_story (project_id, story_id) VALUES (4,1);
INSERT INTO rel_projects_story (project_id, story_id) VALUES (5,1);

--MESSAGES----------------------------------------------------------------------------
INSERT INTO messages (version,issue, body, messagedate, emisor_id, receptor_id,is_request) VALUES (0,'Saludos','Hey, que tal por la pagina?',DATE('2021/04/10', 'YYYY/MM/DD'),'JarrodHuffman','RossSimpson',false);
INSERT INTO messages (version,issue, body, messagedate, emisor_id, receptor_id,is_request) VALUES (0,'Saludos','Muy bien, y tu?',DATE('2021/04/10', 'YYYY/MM/DD'),'RossSimpson','JarrodHuffman',false);
INSERT INTO messages (version,issue, body, messagedate, emisor_id, receptor_id,is_request) VALUES (0,'Saludos','Hey, que tal por la pagina?',DATE('2021/04/10', 'YYYY/MM/DD'),'GrayChurch','RonanMoss',false);
INSERT INTO messages (version,issue, body, messagedate, emisor_id, receptor_id,is_request) VALUES (0,'Saludos','Muy bien, y tu?',DATE('2021/04/10', 'YYYY/MM/DD'),'RonanMoss','GrayChurch',false);
INSERT INTO messages (version,issue, body, messagedate, emisor_id, receptor_id,is_request) VALUES (0,'Saludos','Hey, que tal por la pagina?',DATE('2021/04/10', 'YYYY/MM/DD'),'DeniseMills','JoyVillarreal',false);
INSERT INTO messages (version,issue, body, messagedate, emisor_id, receptor_id,is_request) VALUES (0,'Saludos','Muy bien, y tu?',DATE('2021/04/10', 'YYYY/MM/DD'),'JoyVillarreal','DeniseMills',false);
INSERT INTO messages (version,issue, body, messagedate, emisor_id, receptor_id,is_request) VALUES (0,'Saludos','Hey, que tal por la pagina?',DATE('2021/04/10', 'YYYY/MM/DD'),'AshelyGuzman','TatyanaAvila',false);
INSERT INTO messages (version,issue, body, messagedate, emisor_id, receptor_id,is_request) VALUES (0,'Saludos','Muy bien, y tu?',DATE('2021/04/10', 'YYYY/MM/DD'),'TatyanaAvila','AshelyGuzman',false);
INSERT INTO messages (version,issue, body, messagedate, emisor_id, receptor_id,is_request) VALUES (0,'Saludos','Hey, que tal por la pagina?',DATE('2021/04/10', 'YYYY/MM/DD'),'GlennaWheeler','WinterCastro',false);
INSERT INTO messages (version,issue, body, messagedate, emisor_id, receptor_id,is_request) VALUES (0,'Saludos','Muy bien, y tu?',DATE('2021/04/10', 'YYYY/MM/DD'),'WinterCastro','GlennaWheeler',false);
INSERT INTO messages (version,issue, body, messagedate, emisor_id, receptor_id,is_request) VALUES (0,'Saludos','Hey, que tal por la pagina?',DATE('2021/04/10', 'YYYY/MM/DD'),'AquilaRodriquez','OraBoyle',false);
INSERT INTO messages (version,issue, body, messagedate, emisor_id, receptor_id,is_request) VALUES (0,'Saludos','Muy bien, y tu?',DATE('2021/04/10', 'YYYY/MM/DD'),'OraBoyle','AquilaRodriquez',false);
INSERT INTO messages (version,issue, body, messagedate, emisor_id, receptor_id,is_request) VALUES (0,'Saludos','Hey, que tal por la pagina?',DATE('2021/04/10', 'YYYY/MM/DD'),'HedyTate','WyattHogan',false);
INSERT INTO messages (version,issue, body, messagedate, emisor_id, receptor_id,is_request) VALUES (0,'Saludos','Muy bien, y tu?',DATE('2021/04/10', 'YYYY/MM/DD'),'WyattHogan','HedyTate',false);
INSERT INTO messages (version,issue, body, messagedate, emisor_id, receptor_id,is_request) VALUES (0,'Saludos','Hey, que tal por la pagina?',DATE('2021/04/10', 'YYYY/MM/DD'),'RudyardRogers','HunterMcfarland',false);
INSERT INTO messages (version,issue, body, messagedate, emisor_id, receptor_id,is_request) VALUES (0,'Saludos','Muy bien, y tu?',DATE('2021/04/10', 'YYYY/MM/DD'),'HunterMcfarland','RudyardRogers',false);
INSERT INTO messages (version,issue, body, messagedate, emisor_id, receptor_id,is_request) VALUES (0,'Saludos','Hey, que tal por la pagina?',DATE('2021/04/10', 'YYYY/MM/DD'),'AmberWiley','MicahBurch',false);
INSERT INTO messages (version,issue, body, messagedate, emisor_id, receptor_id,is_request) VALUES (0,'Saludos','Muy bien, y tu?',DATE('2021/04/10', 'YYYY/MM/DD'),'MicahBurch','AmberWiley',false);
INSERT INTO messages (version,issue, body, messagedate, emisor_id, receptor_id,is_request) VALUES (0,'Saludos','Hey, que tal por la pagina?',DATE('2021/04/10', 'YYYY/MM/DD'),'JaredAvery','FrancisHolder',false);
INSERT INTO messages (version,issue, body, messagedate, emisor_id, receptor_id,is_request) VALUES (0,'Saludos','Muy bien, y tu?',DATE('2021/04/10', 'YYYY/MM/DD'),'FrancisHolder','JaredAvery',false);
INSERT INTO messages (version,issue, body, messagedate, emisor_id, receptor_id,is_request) VALUES (0,'Saludos','Hey, que tal por la pagina?',DATE('2021/04/10', 'YYYY/MM/DD'),'EmiLogan','LeeRobertson',false);
INSERT INTO messages (version,issue, body, messagedate, emisor_id, receptor_id,is_request) VALUES (0,'Saludos','Muy bien, y tu?',DATE('2021/04/10', 'YYYY/MM/DD'),'LeeRobertson','EmiLogan',false);
INSERT INTO messages (version,issue, body, messagedate, emisor_id, receptor_id,is_request) VALUES (0,'Saludos','Hey, que tal por la pagina?',DATE('2021/04/10', 'YYYY/MM/DD'),'FlorenceCooper','HayesBenton',false);
INSERT INTO messages (version,issue, body, messagedate, emisor_id, receptor_id,is_request) VALUES (0,'Saludos','Muy bien, y tu?',DATE('2021/04/10', 'YYYY/MM/DD'),'HayesBenton','FlorenceCooper',false);
INSERT INTO messages (version,issue, body, messagedate, emisor_id, receptor_id,is_request) VALUES (0,'Saludos','Hey, que tal por la pagina?',DATE('2021/04/10', 'YYYY/MM/DD'),'MarciaCollier','VannaHarding',false);
INSERT INTO messages (version,issue, body, messagedate, emisor_id, receptor_id,is_request) VALUES (0,'Saludos','Muy bien, y tu?',DATE('2021/04/10', 'YYYY/MM/DD'),'VannaHarding','MarciaCollier',false);
INSERT INTO messages (version,issue, body, messagedate, emisor_id, receptor_id,is_request) VALUES (0,'Saludos','Hey, que tal por la pagina?',DATE('2021/04/10', 'YYYY/MM/DD'),'XylaLamb','VeronicaDuran',false);
INSERT INTO messages (version,issue, body, messagedate, emisor_id, receptor_id,is_request) VALUES (0,'Saludos','Muy bien, y tu?',DATE('2021/04/10', 'YYYY/MM/DD'),'VeronicaDuran','XylaLamb',false);
INSERT INTO messages (version,issue, body, messagedate, emisor_id, receptor_id,is_request) VALUES (0,'Saludos','Hey, que tal por la pagina?',DATE('2021/04/10', 'YYYY/MM/DD'),'LawrenceHolland','RhonaKing',false);
INSERT INTO messages (version,issue, body, messagedate, emisor_id, receptor_id,is_request) VALUES (0,'Saludos','Muy bien, y tu?',DATE('2021/04/10', 'YYYY/MM/DD'),'RhonaKing','LawrenceHolland',false);
INSERT INTO messages (version,issue, body, messagedate, emisor_id, receptor_id,is_request) VALUES (0,'Saludos','Hey, que tal por la pagina?',DATE('2021/04/10', 'YYYY/MM/DD'),'XenaDalton','BarclayGoodman',false);
INSERT INTO messages (version,issue, body, messagedate, emisor_id, receptor_id,is_request) VALUES (0,'Saludos','Muy bien, y tu?',DATE('2021/04/10', 'YYYY/MM/DD'),'BarclayGoodman','XenaDalton',false);
INSERT INTO messages (version,issue, body, messagedate, emisor_id, receptor_id,is_request) VALUES (0,'Saludos','Hey, que tal por la pagina?',DATE('2021/04/10', 'YYYY/MM/DD'),'UrsulaHenderson','ReeseRoberts',false);
INSERT INTO messages (version,issue, body, messagedate, emisor_id, receptor_id,is_request) VALUES (0,'Saludos','Muy bien, y tu?',DATE('2021/04/10', 'YYYY/MM/DD'),'ReeseRoberts','UrsulaHenderson',false);
INSERT INTO messages (version,issue, body, messagedate, emisor_id, receptor_id,is_request) VALUES (0,'Saludos','Hey, que tal por la pagina?',DATE('2021/04/10', 'YYYY/MM/DD'),'DerekRiddle','CameronOlson',false);
INSERT INTO messages (version,issue, body, messagedate, emisor_id, receptor_id,is_request) VALUES (0,'Saludos','Muy bien, y tu?',DATE('2021/04/10', 'YYYY/MM/DD'),'CameronOlson','DerekRiddle',false);
INSERT INTO messages (version,issue, body, messagedate, emisor_id, receptor_id,is_request) VALUES (0,'Saludos','Hey, que tal por la pagina?',DATE('2021/04/10', 'YYYY/MM/DD'),'AlexanderLamb','ZacharyLeonard',false);
INSERT INTO messages (version,issue, body, messagedate, emisor_id, receptor_id,is_request) VALUES (0,'Saludos','Muy bien, y tu?',DATE('2021/04/10', 'YYYY/MM/DD'),'ZacharyLeonard','AlexanderLamb',false);
INSERT INTO messages (version,issue, body, messagedate, emisor_id, receptor_id,is_request) VALUES (0,'Saludos','Hey, que tal por la pagina?',DATE('2021/04/10', 'YYYY/MM/DD'),'JerryMiranda','QuamarEllison',false);
INSERT INTO messages (version,issue, body, messagedate, emisor_id, receptor_id,is_request) VALUES (0,'Saludos','Muy bien, y tu?',DATE('2021/04/10', 'YYYY/MM/DD'),'QuamarEllison','JerryMiranda',false);
INSERT INTO messages (version,issue, body, messagedate, emisor_id, receptor_id,is_request) VALUES (0,'Saludos','Hey, que tal por la pagina?',DATE('2021/04/10', 'YYYY/MM/DD'),'KirestinSantiago','BrettGuy',false);
INSERT INTO messages (version,issue, body, messagedate, emisor_id, receptor_id,is_request) VALUES (0,'Saludos','Muy bien, y tu?',DATE('2021/04/10', 'YYYY/MM/DD'),'BrettGuy','KirestinSantiago',false);
INSERT INTO messages (version,issue, body, messagedate, emisor_id, receptor_id,is_request) VALUES (0,'Saludos','Hey, que tal por la pagina?',DATE('2021/04/10', 'YYYY/MM/DD'),'VenusMiles','DeannaWashington',false);
INSERT INTO messages (version,issue, body, messagedate, emisor_id, receptor_id,is_request) VALUES (0,'Saludos','Muy bien, y tu?',DATE('2021/04/10', 'YYYY/MM/DD'),'DeannaWashington','VenusMiles',false);
INSERT INTO messages (version,issue, body, messagedate, emisor_id, receptor_id,is_request) VALUES (0,'Saludos','Hey, que tal por la pagina?',DATE('2021/04/10', 'YYYY/MM/DD'),'MatthewSlater','ColtonDuffy',false);
INSERT INTO messages (version,issue, body, messagedate, emisor_id, receptor_id,is_request) VALUES (0,'Saludos','Muy bien, y tu?',DATE('2021/04/10', 'YYYY/MM/DD'),'ColtonDuffy','MatthewSlater',false);
INSERT INTO messages (version,issue, body, messagedate, emisor_id, receptor_id,is_request) VALUES (0,'Saludos','Hey, que tal por la pagina?',DATE('2021/04/10', 'YYYY/MM/DD'),'NissimBoyer','IllanaAvila',false);
INSERT INTO messages (version,issue, body, messagedate, emisor_id, receptor_id,is_request) VALUES (0,'Saludos','Muy bien, y tu?',DATE('2021/04/10', 'YYYY/MM/DD'),'IllanaAvila','NissimBoyer',false);
INSERT INTO messages (version,issue, body, messagedate, emisor_id, receptor_id,is_request) VALUES (0,'Saludos','Hey, que tal por la pagina?',DATE('2021/04/10', 'YYYY/MM/DD'),'BuffyLynn','IdonaMerrill',false);
INSERT INTO messages (version,issue, body, messagedate, emisor_id, receptor_id,is_request) VALUES (0,'Saludos','Muy bien, y tu?',DATE('2021/04/10', 'YYYY/MM/DD'),'IdonaMerrill','BuffyLynn',false);
INSERT INTO messages (version,issue, body, messagedate, emisor_id, receptor_id,is_request) VALUES (0,'Saludos','Hey, que tal por la pagina?',DATE('2021/04/10', 'YYYY/MM/DD'),'MercedesDunn','ErichOwen',false);
INSERT INTO messages (version,issue, body, messagedate, emisor_id, receptor_id,is_request) VALUES (0,'Saludos','Muy bien, y tu?',DATE('2021/04/10', 'YYYY/MM/DD'),'ErichOwen','MercedesDunn',false);
INSERT INTO messages (version,issue, body, messagedate, emisor_id, receptor_id,is_request) VALUES (0,'Saludos','Hey, que tal por la pagina?',DATE('2021/04/10', 'YYYY/MM/DD'),'LillithFrench','DanteCoffey',false);
INSERT INTO messages (version,issue, body, messagedate, emisor_id, receptor_id,is_request) VALUES (0,'Saludos','Muy bien, y tu?',DATE('2021/04/10', 'YYYY/MM/DD'),'DanteCoffey','LillithFrench',false);
INSERT INTO messages (version,issue, body, messagedate, emisor_id, receptor_id,is_request) VALUES (0,'Saludos','Hey, que tal por la pagina?',DATE('2021/04/10', 'YYYY/MM/DD'),'JermaineHahn','LinusDennis',false);
INSERT INTO messages (version,issue, body, messagedate, emisor_id, receptor_id,is_request) VALUES (0,'Saludos','Muy bien, y tu?',DATE('2021/04/10', 'YYYY/MM/DD'),'LinusDennis','JermaineHahn',false);
INSERT INTO messages (version,issue, body, messagedate, emisor_id, receptor_id,is_request) VALUES (0,'Saludos','Hey, que tal por la pagina?',DATE('2021/04/10', 'YYYY/MM/DD'),'IfeomaMiles','EleanorCrane',false);
INSERT INTO messages (version,issue, body, messagedate, emisor_id, receptor_id,is_request) VALUES (0,'Saludos','Muy bien, y tu?',DATE('2021/04/10', 'YYYY/MM/DD'),'EleanorCrane','IfeomaMiles',false);
INSERT INTO messages (version,issue, body, messagedate, emisor_id, receptor_id,is_request) VALUES (0,'Saludos','Hey, que tal por la pagina?',DATE('2021/04/10', 'YYYY/MM/DD'),'DesiraeBuchanan','RudyardDiaz',false);
INSERT INTO messages (version,issue, body, messagedate, emisor_id, receptor_id,is_request) VALUES (0,'Saludos','Muy bien, y tu?',DATE('2021/04/10', 'YYYY/MM/DD'),'RudyardDiaz','DesiraeBuchanan',false);
INSERT INTO messages (version,issue, body, messagedate, emisor_id, receptor_id,is_request) VALUES (0,'Saludos','Hey, que tal por la pagina?',DATE('2021/04/10', 'YYYY/MM/DD'),'GradyManning','KyleConway',false);
INSERT INTO messages (version,issue, body, messagedate, emisor_id, receptor_id,is_request) VALUES (0,'Saludos','Muy bien, y tu?',DATE('2021/04/10', 'YYYY/MM/DD'),'KyleConway','GradyManning',false);
INSERT INTO messages (version,issue, body, messagedate, emisor_id, receptor_id,is_request) VALUES (0,'Saludos','Hey, que tal por la pagina?',DATE('2021/04/10', 'YYYY/MM/DD'),'artist','IvoryGibbs',false);
INSERT INTO messages (version,issue, body, messagedate, emisor_id, receptor_id,is_request) VALUES (0,'Saludos','Muy bien, y tu?',DATE('2021/04/10', 'YYYY/MM/DD'),'IvoryGibbs','MelyssaMedina',false);
INSERT INTO messages (version,issue, body, messagedate, emisor_id, receptor_id,is_request) VALUES (0,'Saludos','Hey, que tal por la pagina?',DATE('2021/04/10', 'YYYY/MM/DD'),'GradyVincent','BrodyDavidson',false);
INSERT INTO messages (version,issue, body, messagedate, emisor_id, receptor_id,is_request) VALUES (0,'Saludos','Muy bien, y tu?',DATE('2021/04/10', 'YYYY/MM/DD'),'BrodyDavidson','GradyVincent',false);
INSERT INTO messages (version,issue, body, messagedate, emisor_id, receptor_id,is_request) VALUES (0,'Saludos','Hey, que tal por la pagina?',DATE('2021/04/10', 'YYYY/MM/DD'),'WyomingSilva','artist',false);
INSERT INTO messages (version,issue, body, messagedate, emisor_id, receptor_id,is_request) VALUES (0,'Saludos','Muy bien, y tu?',DATE('2021/04/10', 'YYYY/MM/DD'),'JoanGaines','WyomingSilva',false);
INSERT INTO messages (version,issue, body, messagedate, emisor_id, receptor_id,is_request) VALUES (0,'Saludos','Hey, que tal por la pagina?',DATE('2021/04/10', 'YYYY/MM/DD'),'NatalieRowland','KellyLeon',false);
INSERT INTO messages (version,issue, body, messagedate, emisor_id, receptor_id,is_request) VALUES (0,'Saludos','Muy bien, y tu?',DATE('2021/04/10', 'YYYY/MM/DD'),'KellyLeon','NatalieRowland',false);
INSERT INTO messages (version,issue, body, messagedate, emisor_id, receptor_id,is_request) VALUES (0,'Saludos','Hey, que tal por la pagina?',DATE('2021/04/10', 'YYYY/MM/DD'),'IlianaEllis','OlgaLindsey',false);
INSERT INTO messages (version,issue, body, messagedate, emisor_id, receptor_id,is_request) VALUES (0,'Saludos','Muy bien, y tu?',DATE('2021/04/10', 'YYYY/MM/DD'),'OlgaLindsey','IlianaEllis',false);
INSERT INTO messages (version,issue, body, messagedate, emisor_id, receptor_id,is_request) VALUES (0,'Saludos','Hey, que tal por la pagina?',DATE('2021/04/10', 'YYYY/MM/DD'),'ElvisCastillo','VeraAtkinson',false);
INSERT INTO messages (version,issue, body, messagedate, emisor_id, receptor_id,is_request) VALUES (0,'Saludos','Muy bien, y tu?',DATE('2021/04/10', 'YYYY/MM/DD'),'VeraAtkinson','ElvisCastillo',false);
INSERT INTO messages (version,issue, body, messagedate, emisor_id, receptor_id,is_request) VALUES (0,'Saludos','Hey, que tal por la pagina?',DATE('2021/04/10', 'YYYY/MM/DD'),'RanaRush','AlanaBartlett',false);
INSERT INTO messages (version,issue, body, messagedate, emisor_id, receptor_id,is_request) VALUES (0,'Saludos','Muy bien, y tu?',DATE('2021/04/10', 'YYYY/MM/DD'),'AlanaBartlett','RanaRush',false);
INSERT INTO messages (version,issue, body, messagedate, emisor_id, receptor_id,is_request) VALUES (0,'Saludos','Hey, que tal por la pagina?',DATE('2021/04/10', 'YYYY/MM/DD'),'NaomiMcgowan','HeidiMathews',false);
INSERT INTO messages (version,issue, body, messagedate, emisor_id, receptor_id,is_request) VALUES (0,'Saludos','Muy bien, y tu?',DATE('2021/04/10', 'YYYY/MM/DD'),'HeidiMathews','NaomiMcgowan',false);
INSERT INTO messages (version,issue, body, messagedate, emisor_id, receptor_id,is_request) VALUES (0,'Saludos','Hey, que tal por la pagina?',DATE('2021/04/10', 'YYYY/MM/DD'),'LewisRandolph','StewartMarquez',false);
INSERT INTO messages (version,issue, body, messagedate, emisor_id, receptor_id,is_request) VALUES (0,'Saludos','Muy bien, y tu?',DATE('2021/04/10', 'YYYY/MM/DD'),'StewartMarquez','LewisRandolph',false);
INSERT INTO messages (version,issue, body, messagedate, emisor_id, receptor_id,is_request) VALUES (0,'Saludos','Hey, que tal por la pagina?',DATE('2021/04/10', 'YYYY/MM/DD'),'MiriamKeller','FrancesSalazar',false);
INSERT INTO messages (version,issue, body, messagedate, emisor_id, receptor_id,is_request) VALUES (0,'Saludos','Muy bien, y tu?',DATE('2021/04/10', 'YYYY/MM/DD'),'FrancesSalazar','MiriamKeller',false);
INSERT INTO messages (version,issue, body, messagedate, emisor_id, receptor_id,is_request) VALUES (0,'Saludos','Hey, que tal por la pagina?',DATE('2021/04/10', 'YYYY/MM/DD'),'MosesBarrera','PerryBarton',false);
INSERT INTO messages (version,issue, body, messagedate, emisor_id, receptor_id,is_request) VALUES (0,'Saludos','Muy bien, y tu?',DATE('2021/04/10', 'YYYY/MM/DD'),'PerryBarton','MosesBarrera',false);
INSERT INTO messages (version,issue, body, messagedate, emisor_id, receptor_id,is_request) VALUES (0,'Saludos','Hey, que tal por la pagina?',DATE('2021/04/10', 'YYYY/MM/DD'),'GuinevereHorn','JonasJensen',false);
INSERT INTO messages (version,issue, body, messagedate, emisor_id, receptor_id,is_request) VALUES (0,'Saludos','Muy bien, y tu?',DATE('2021/04/10', 'YYYY/MM/DD'),'JonasJensen','GuinevereHorn',false);
INSERT INTO messages (version,issue, body, messagedate, emisor_id, receptor_id,is_request) VALUES (0,'Saludos','Hey, que tal por la pagina?',DATE('2021/04/10', 'YYYY/MM/DD'),'JacksonBeck','QuinCollier',false);
INSERT INTO messages (version,issue, body, messagedate, emisor_id, receptor_id,is_request) VALUES (0,'Saludos','Muy bien, y tu?',DATE('2021/04/10', 'YYYY/MM/DD'),'QuinCollier','JacksonBeck',false);
INSERT INTO messages (version,issue, body, messagedate, emisor_id, receptor_id,is_request) VALUES (0,'Saludos','Hey, que tal por la pagina?',DATE('2021/04/10', 'YYYY/MM/DD'),'ShannonBuckner','AlfredaPhillips',false);
INSERT INTO messages (version,issue, body, messagedate, emisor_id, receptor_id,is_request) VALUES (0,'Saludos','Muy bien, y tu?',DATE('2021/04/10', 'YYYY/MM/DD'),'AlfredaPhillips','ShannonBuckner',false);
INSERT INTO messages (version,issue, body, messagedate, emisor_id, receptor_id,is_request) VALUES (0,'Saludos','Hey, que tal por la pagina?',DATE('2021/04/10', 'YYYY/MM/DD'),'IlianaDillard','BrynnePatton',false);
INSERT INTO messages (version,issue, body, messagedate, emisor_id, receptor_id,is_request) VALUES (0,'Saludos','Muy bien, y tu?',DATE('2021/04/10', 'YYYY/MM/DD'),'BrynnePatton','IlianaDillard',false);
INSERT INTO messages (version,issue, body, messagedate, emisor_id, receptor_id,is_request) VALUES (0,'Saludos','Hey, que tal por la pagina?',DATE('2021/04/10', 'YYYY/MM/DD'),'JenniferBaird','DariaSheppard',false);
INSERT INTO messages (version,issue, body, messagedate, emisor_id, receptor_id,is_request) VALUES (0,'Saludos','Muy bien, y tu?',DATE('2021/04/10', 'YYYY/MM/DD'),'DariaSheppard','JenniferBaird',false);
INSERT INTO messages (version,issue, body, messagedate, emisor_id, receptor_id,is_request) VALUES (0,'Saludos','Hey, que tal por la pagina?',DATE('2021/04/10', 'YYYY/MM/DD'),'ScarletHamilton','KaneBurch',false);
INSERT INTO messages (version,issue, body, messagedate, emisor_id, receptor_id,is_request) VALUES (0,'Saludos','Muy bien, y tu?',DATE('2021/04/10', 'YYYY/MM/DD'),'KaneBurch','ScarletHamilton',false);
INSERT INTO messages (version,issue, body, messagedate, emisor_id, receptor_id,is_request) VALUES (0,'Saludos','Hey, que tal por la pagina?',DATE('2021/04/10', 'YYYY/MM/DD'),'SybillWilliamson','HedwigCarey',false);
INSERT INTO messages (version,issue, body, messagedate, emisor_id, receptor_id,is_request) VALUES (0,'Saludos','Muy bien, y tu?',DATE('2021/04/10', 'YYYY/MM/DD'),'HedwigCarey','SybillWilliamson',false);
INSERT INTO messages (version,issue, body, messagedate, emisor_id, receptor_id,is_request) VALUES (0,'Saludos','Hey, que tal por la pagina?',DATE('2021/04/10', 'YYYY/MM/DD'),'JosephineWoodard','AlecHill',false);
INSERT INTO messages (version,issue, body, messagedate, emisor_id, receptor_id,is_request) VALUES (0,'Saludos','Muy bien, y tu?',DATE('2021/04/10', 'YYYY/MM/DD'),'AlecHill','JosephineWoodard',false);

--COMMENTS----------------------------------------------------------------------------
INSERT INTO comments (id,version,body,date,username,master_comment,story) VALUES (1,1,'Primero en comentar!',DATE('2021/05/06 16:30:04', 'YYYY/MM/DD HH24:MI:SS'),'JarrodHuffman',null,2);
INSERT INTO comments (id,version,body,date,username,master_comment,story) VALUES (2,1,'Y el primero en responder un mensaje!',DATE('2021/05/06 16:31:20', 'YYYY/MM/DD HH24:MI:SS'),'JarrodHuffman',1,2);
INSERT INTO comments (id,version,body,date,username,master_comment,story) VALUES (3,1,'Me encanta esta historia',DATE('2021/05/06 17:10:00', 'YYYY/MM/DD HH24:MI:SS'),'JosephineWoodard',null,2);
INSERT INTO comments (id,version,body,date,username,master_comment,story) VALUES (4,1,'Que pesadilla...',DATE('2021/05/06 17:10:40', 'YYYY/MM/DD HH24:MI:SS'),'JosephineWoodard',1,2);
INSERT INTO comments (id,version,body,date,username,master_comment,story) VALUES (5,1,'No puedo esperar la siguiente',DATE('2021/05/06 18:50:00', 'YYYY/MM/DD HH24:MI:SS'),'AlecHill',null,2);
INSERT INTO comments (id,version,body,date,username,master_comment,story) VALUES (6,1,'Como puede inventar una trama tan buena?',DATE('2021/05/07 09:00:47', 'YYYY/MM/DD HH24:MI:SS'),'SybillWilliamson',null,2);
INSERT INTO comments (id,version,body,date,username,master_comment,story) VALUES (7,1,'Siiii, es increible',DATE('2021/05/07 09:01:30', 'YYYY/MM/DD HH24:MI:SS'),'SybillWilliamson',3,2);

--COMMENTS----------------------------------------------------------------------------
INSERT INTO rel_user_story (id,story_id,username) VALUES (1,2,'JarrodHuffman')
INSERT INTO rel_user_story (id,story_id,username) VALUES (2,2,'JosephineWoodard')
INSERT INTO rel_user_story (id,story_id,username) VALUES (3,2,'AlecHill')
INSERT INTO rel_user_story (id,story_id,username) VALUES (4,2,'SybillWilliamson')
