--USERS------------------------------------------------------------------------------------------------------------------------------------------------------------
INSERT INTO users(username,password,enabled,email) VALUES ('admin','$2a$10$gn.RKrqUiPZuOhBeht0amudVq6eDxe4RB5ARGHa5SLJXig4b7Ollu',TRUE,'admin@cinemaparadiso.com');
INSERT INTO users(username,password,enabled,email) VALUES ('artist','$2y$10$JJsHuf1/VAPRBD5TSxWi7.17fcLb24jpU6tfoYqTSHHiH9Ln/dbLm',FALSE,'admin@cinemaparadiso.com');

--User Artists
INSERT INTO users (username,password,enabled,email) VALUES ('JarrodHuffman','$2y$10$qJ14yJUo2/iXDiZrH17WPO1nx1AVeazpJJtleKKK/qr1iPamDdekC','True','habitant.morbi.tristique@cursusNuncmauris.org');
INSERT INTO users (username,password,enabled,email) VALUES ('RossSimpson','$2y$10$vr86wEkNsinTPbZo0/yBVeIo9AtWcRbNYUgWajhPBI4d2NT9Y25PO','True','eget@aauctor.org');
INSERT INTO users (username,password,enabled,email) VALUES ('GrayChurch','$2y$10$fLdxg5h33jtF2Wohlb3tK.kM2uSZ68D0X3fASMwKIyb1MSPp7gENy','True','odio.Nam.interdum@a.com');
INSERT INTO users (username,password,enabled,email) VALUES ('RonanMoss','$2y$10$MhtWO.8E.sohTh6YjtLXquBqK0ja1z6NctREFC0hfvJa21ByRKTmi','True','Donec@Donec.org');
INSERT INTO users (username,password,enabled,email) VALUES ('DeniseMills','$2y$10$YMeccXz0Gfr1V.pSaNFmL./sij0fSzLYI0nHvd008tHy6YOWpdEp2','True','consequat.dolor.vitae@Sed.co.uk');
INSERT INTO users (username,password,enabled,email) VALUES ('JoyVillarreal','$2y$10$Yy43QD2VGEm.mjkDiWg1r.ahcyYUu.WHgBntoSjE3TSvlQ5XzS92u','True','blandit.mattis@non.org');
INSERT INTO users (username,password,enabled,email) VALUES ('AshelyGuzman','$2y$10$RsDytjJATgtp7lMrVO86LeueTXtAcWqmppm6f1fvRsdK4QEfnmi0u','True','ac@ideratEtiam.ca');
INSERT INTO users (username,password,enabled,email) VALUES ('TatyanaAvila','$2y$10$4l/nS2JpBCwbXK/uF8Q6L.H.5e6eXEoIPCiChbICb//9Mw/iBj6Hy','True','lectus.ante.dictum@quam.net');
INSERT INTO users (username,password,enabled,email) VALUES ('GlennaWheeler','$2y$10$XNgmw98dThmugBlJ5FKLv.JX365ORXemKsBDCa5Gl/RUYVeqEGy52','True','auctor.non.feugiat@hendreritDonecporttitor.net');
INSERT INTO users (username,password,enabled,email) VALUES ('WinterCastro','$2y$10$1TInXdko7awPGwWzy6d0QeO4duLjpG/OFmyoczPxstVifG16zwJTm','True','vitae@Fusce.co.uk');
INSERT INTO users (username,password,enabled,email) VALUES ('AquilaRodriquez','$2y$10$oZWr7LWALF2VXixdXzlEGOfL6YK4CoAMwPCco3ComuwwAwyv/TBIa','True','ac@Curabitur.org');
INSERT INTO users (username,password,enabled,email) VALUES ('OraBoyle','$2y$10$d4apIiekpqgQKDbwka4UAeunc2eMEPxPQiTmuXdAs61PEtdhm.nKW','True','placerat.eget@enimSednulla.org');
INSERT INTO users (username,password,enabled,email) VALUES ('HedyTate','$2y$10$ZlMkdUUd1cd7WqzXr2uFIeUnIgLLPVHvWGPG6Hu.Jd1Vi5bHuNzPe','True','ultrices.Vivamus.rhoncus@Namconsequat.co.uk');
INSERT INTO users (username,password,enabled,email) VALUES ('WyattHogan','$2y$10$GVgrfbpDZL1juZrHFEodv.8Jk1kxfNDnzx9cAxVWFxjcefr7sibkm','True','augue.Sed.molestie@ategestasa.org');
INSERT INTO users (username,password,enabled,email) VALUES ('RudyardRogers','$2y$10$ItNgsY.Vi96gfrWf1CA6D.WZ59n0M0nybj5Ot7eUmcb10xyxkTqAy','True','lacinia.Sed@suscipitnonummy.co.uk');
INSERT INTO users (username,password,enabled,email) VALUES ('HunterMcfarland','$2y$10$Sa7gTdxAX0ZQoxXacQYnLOs1BYx0eB7jcRuzWmWzYZr.bEVlzZn.2','True','metus@seddictum.ca');
INSERT INTO users (username,password,enabled,email) VALUES ('AmberWiley','$2y$10$NEFu4o9jNJNio.O6HU7RkuiLxvX7chs4AoGzDA2D99.wPHIljPFla','True','auctor.ullamcorper.nisl@laciniaSed.edu');
INSERT INTO users (username,password,enabled,email) VALUES ('MicahBurch','$2y$10$goC2KTKpv.rw04KNC2nX3OPkjH6kHCJIZWizvEx6v1BqijnjyFz0m','True','diam.Proin@ultricesDuisvolutpat.com');
INSERT INTO users (username,password,enabled,email) VALUES ('JaredAvery','$2y$10$x5eQUU7eQ3b4KEXHSNHqAe/z5/FjGxYOTkLgXBaP7XNXOS0D.UXwW','True','metus.In@sodalesMauris.net');


INSERT INTO users (username,password,enabled,email) VALUES ('FrancisHolder','$2y$10$UN0qXXYHTvg7wH.4hJntxOUuGcyamkkZmlzyHOWiVa.GEjbZ95Pai','True','lacus.Nulla@ametultricies.ca');
INSERT INTO users (username,password,enabled,email) VALUES ('EmiLogan','$2y$10$7gixBjR6kP2g.wPf3ru.H.qpB0huhuhBQY./iyDSgulPu0dRiAcsC','True','vehicula.et@sedfacilisis.co.uk');
INSERT INTO users (username,password,enabled,email) VALUES ('LeeRobertson','$2y$10$u05oV/1Mwwrx.oCED1muR.s0Qaa5OBApc2tH2KNfWQnZw7M9cu0RG','True','feugiat.Sed@aliquamarcuAliquam.ca');
INSERT INTO users (username,password,enabled,email) VALUES ('FlorenceCooper','$2y$10$A4xR5/LVTMn4I.KuG7nWIudc94g7YWQgUiwFAPEI7m5ZIM5xivSp2','True','dolor.dolor.tempus@Crasconvallis.co.uk');
INSERT INTO users (username,password,enabled,email) VALUES ('HayesBenton','$2y$10$fuJyFOVeQ0ubEhss.tAh1OnEcEDEU6IaNyHNobGV/7rzxCYSlRsgK','True','dolor@erat.com');
INSERT INTO users (username,password,enabled,email) VALUES ('MarciaCollier','$2y$10$a3J2gfWEIr8P7A07qxCZQ.8mKNy05YUocsPH3rKIz4ELOyjc/Jw4C','True','Etiam@eleifendnunc.co.uk');
INSERT INTO users (username,password,enabled,email) VALUES ('VannaHarding','$2y$10$2LzJE4EH8p9DiSctioOWjOWL4tqfdAMpLR/SHViDmpzUcB/uCRxOK','True','varius.et.euismod@fringillacursuspurus.ca');
INSERT INTO users (username,password,enabled,email) VALUES ('XylaLamb','$2y$10$oM280D0RP.Q6IJF7OisKgu8ySPcb7/t1Ijn3Hvur3oOaBCKBFrEQi','True','fringilla.euismod.enim@et.com');
INSERT INTO users (username,password,enabled,email) VALUES ('VeronicaDuran','$2y$10$tTrHR2.gGt71UyXBynjSqupwqo3ucY5Wpa33J5mB9bUj5wSEQALxm','True','Nam.interdum.enim@consectetueripsumnunc.org');
INSERT INTO users (username,password,enabled,email) VALUES ('LawrenceHolland','$2y$10$RxVPwCNk8DtIkpQrQBjVXODWnsVuVAQdeKO1Q4kItiUi8RgHbimd.','True','tristique.neque@utnisi.net');
INSERT INTO users (username,password,enabled,email) VALUES ('RhonaKing','$2y$10$Sn8EX36H7IDvMj6BGo2CF.rAvTQaGuDv8mJx86Vz4Y8JVxITjv0f2','True','lectus.Nullam.suscipit@vitaealiquam.net');
INSERT INTO users (username,password,enabled,email) VALUES ('XenaDalton','$2y$10$cZ92GjO37lUHfkzvLSwprOZeozVSFbdENDO0Rxl8FDjTyZKPrg9eG','True','neque@Maurisnon.co.uk');
INSERT INTO users (username,password,enabled,email) VALUES ('BarclayGoodman','$2y$10$ryK46slbA7aw5JokIYp5meQQGYRsNVuLm4E7U0tPgXMYIDnRCcCu.','True','sed.sapien.Nunc@nuncrisus.co.uk');
INSERT INTO users (username,password,enabled,email) VALUES ('UrsulaHenderson','$2y$10$L0QfLBFMfaUIYar6EG68UuqTVSQQHF4t97ZTyxvUGloG8Qyqz8gJ2','True','eleifend.nunc@ipsum.co.uk');
INSERT INTO users (username,password,enabled,email) VALUES ('ReeseRoberts','$2y$10$UaVnbzu2rFC3WePtW7v1E.Z1V9CobeDzPxhg671ybAmMpaeyUbG3m','True','nunc.ac@egestasblanditNam.com');
INSERT INTO users (username,password,enabled,email) VALUES ('DerekRiddle','$2y$10$KJdQHLI.WzTstUtEDG3KB.i7gZ7PuGogh/SGXslxbjrfEwLhRzG.y','True','fermentum@mauris.co.uk');
INSERT INTO users (username,password,enabled,email) VALUES ('CameronOlson','$2y$10$.38duWycLIT8xGl.drXSFeLegrxWvOb1vuyC7CtXJRgSmMpQpFa4u','True','feugiat@faucibusorci.co.uk');
INSERT INTO users (username,password,enabled,email) VALUES ('AlexanderLamb','$2y$10$HpVezYZUomuNPPr1OkVPBe/34AzsskmuPb6lVz.kSJMCbuuMDC7le','True','vel.arcu.eu@auctornunc.org');
INSERT INTO users (username,password,enabled,email) VALUES ('ZacharyLeonard','$2y$10$u4b13oc.HBpn1.KrUgkfK.eSMsCrnHm8BtVB.K/ytSGdvPd2RWpTi','True','sagittis.Duis.gravida@vitaenibh.org');
INSERT INTO users (username,password,enabled,email) VALUES ('JerryMiranda','$2y$10$tp.2HdZeirs1QJa3qB9VFu4r8iyR/Uq9/gtffRlOacxOJmhpbzRGi','True','cursus@sapienCras.net');
INSERT INTO users (username,password,enabled,email) VALUES ('QuamarEllison','$2y$10$X748f8Z1IImNbx1NuIGRBe95T.DNlfO.e/b/FkqLXoXxOqS64vZFq','True','pede.nonummy@feugiatnonlobortis.org');
INSERT INTO users (username,password,enabled,email) VALUES ('KirestinSantiago','$2y$10$5G41Erlk3GDUREoP8X6cIuUr0ozjFtjaQ3p3QS/P2QMn5AddaVE.W','True','elit.a.feugiat@montesnasceturridiculus.org');
INSERT INTO users (username,password,enabled,email) VALUES ('BrettGuy','$2y$10$YB9Rsd3s45VFIZ.IwmiTRuoaBXuWiEHG.FN.k6q0vJ.XXVu18JzqC','True','lobortis.nisi@parturientmontes.net');
INSERT INTO users (username,password,enabled,email) VALUES ('VenusMiles','$2y$10$uJ1GykYLNjnIQmqIbinGgOQ7.D0BLIXZAxtwbUm/TcFpdHWd1CE/i','True','mollis@eu.net');
INSERT INTO users (username,password,enabled,email) VALUES ('DeannaWashington','$2y$10$NZK5vlyXfzNI2QzcVBh9zetM.Rucs652fqxK7TOOj6CoYTG5WJfkC','True','diam.eu.dolor@sodalespurus.edu');
INSERT INTO users (username,password,enabled,email) VALUES ('MatthewSlater','$2y$10$AVdbY1/oDoOT3qV3RXMqb.X1KQwRfWYUTTDpWnAd088RiqpJB6i4O','True','Proin@adipiscinglacusUt.com');
INSERT INTO users (username,password,enabled,email) VALUES ('ColtonDuffy','$2y$10$bgkYXqnMFA87xymILp.6COm074dpum1eFLFexnkXhyqVtvIb9T6Iu','True','et.arcu@interdumligulaeu.edu');
INSERT INTO users (username,password,enabled,email) VALUES ('NissimBoyer','$2y$10$1VrqoqJuovghQ7R1BSFSbuLtmC8.UZRyGmcazvKI68wtKnZEtn5h.','True','enim.sit.amet@acsem.com');
INSERT INTO users (username,password,enabled,email) VALUES ('IllanaAvila','$2y$10$7Dl1Csf..ARLEp8O1i7xzuf8wXtN0QACHgZIMY/0lGDjgfFUrXIl.','True','dui.Suspendisse@suscipitnonummy.net');
INSERT INTO users (username,password,enabled,email) VALUES ('BuffyLynn','$2y$10$jey6/TCn875SFOkb.W0aLuBSJHvYf0wIOoJ42Vv9DPB.SK1PxvBiG','True','feugiat.placerat.velit@Nuncmauriselit.net');
INSERT INTO users (username,password,enabled,email) VALUES ('IdonaMerrill','$2y$10$qwsi1Qb/BR6K5fDGrdX86.upN7vRs1f9susP4ma6zAwzR1wDjU32S','True','euismod.enim@magnaLoremipsum.net');
INSERT INTO users (username,password,enabled,email) VALUES ('MercedesDunn','$2y$10$G5flmJT1tMyp7y5yeu207O1NP2B85GqPl.MyptD9MZ6slQf30/iU.','True','id@vulputateeu.net');
INSERT INTO users (username,password,enabled,email) VALUES ('ErichOwen','$2y$10$Jbomc7dgTltwe.9PrdYl1.HpCY4asWRlkauimYtOQy7ll7Y3JTuMa','True','risus@dolordolor.com');
INSERT INTO users (username,password,enabled,email) VALUES ('LillithFrench','$2y$10$0FLkCSwIZX4F3i54OCYKdOIAuokU4PHNj2.hCtAJHbxdJc899zp2m','True','amet.orci@tellusimperdiet.net');
INSERT INTO users (username,password,enabled,email) VALUES ('DanteCoffey','$2y$10$CaUgpPch8x5SStFmkZEmJO5ICqe1E3UNdadnm75DCIieSQxRywOVq','True','lacus@consectetueradipiscing.edu');
INSERT INTO users (username,password,enabled,email) VALUES ('JermaineHahn','$2y$10$HsstD1iZzyJrOpzNENP11eUOhfaCuxQOo5iLy0fl/aIbnLTltEPiK','True','ligula.Aenean@arcu.edu');
INSERT INTO users (username,password,enabled,email) VALUES ('LinusDennis','$2y$10$kdXUSd9y60hJ5Q33LXmsgeVNMS5EkPG6AvqaLJLUUv5g831Fjl09W','True','dolor.nonummy@Nunc.org');
INSERT INTO users (username,password,enabled,email) VALUES ('IfeomaMiles','$2y$10$0aSUXjho5z6YUXX/xEB0/ODkKbWSukAgzH6z9MczUDJNFQeGr7sPe','True','Pellentesque.ut@risus.org');
INSERT INTO users (username,password,enabled,email) VALUES ('EleanorCrane','$2y$10$ggTKPbwWSNezDUDSnnfVS.FNA8LycttldEkxJhg.6qqWFGjzU3HQS','True','Suspendisse.ac.metus@faucibusMorbivehicula.co.uk');
INSERT INTO users (username,password,enabled,email) VALUES ('DesiraeBuchanan','$2y$10$YyjTFRhqqRB28/1QO3i/a.HLL55EE8hBwEqQJCZ73ZRm7jpZmc8ES','True','Phasellus.elit@Utsemperpretium.net');
INSERT INTO users (username,password,enabled,email) VALUES ('RudyardDiaz','$2y$10$l4JPIw3XmlqY4zRzDh1fMOtz10/aDG98WlTbwiou/kEX3mtmpZX5e','True','consectetuer@necquam.com');


INSERT INTO users (username,password,enabled,email) VALUES ('GradyManning','$2a$10$U9tzLPiS43F9SNtgGoYS5ekMLDj1BqxpcJNPeJrkvx59h1AWCFa','True','odio.a@musAeneaneget.co.uk');
INSERT INTO users (username,password,enabled,email) VALUES ('KyleConway','$2y$10$Q4zXt8COaMdM07hnNRu4n.084uQMoCOHFV9pAn/fcHzksA/eolnFe','True','non@enim.net');
INSERT INTO users (username,password,enabled,email) VALUES ('MelyssaMedina','$2y$10$Hl3XzbHutGbFlUYgNtqfROe4buBkREOkBtFhf5q.1uC7vhxNZePgi','True','Phasellus.fermentum.convallis@pede.ca');
INSERT INTO users (username,password,enabled,email) VALUES ('IvoryGibbs','$2y$10$ip3qrsQ2Wa7mRdiBMULVf.qGpKz8RY7tN2pthvos5FwNRpeR.mkHm','True','non.nisi@Proinsed.co.uk');
INSERT INTO users (username,password,enabled,email) VALUES ('GradyVincent','$2y$10$BPeQiKEA6X1MTfCPCkv4V.VdOHWLajfsb1MH6sgtGddwhtbtrXCUu','True','est.vitae@egetmassaSuspendisse.org');
INSERT INTO users (username,password,enabled,email) VALUES ('BrodyDavidson','$2y$10$bZbYLKzPEzEoC1DFeGrycuZ.92aRhs/nWbaOXcdd.RDtN38KGbmTq','True','nec.eleifend@mus.com');
INSERT INTO users (username,password,enabled,email) VALUES ('WyomingSilva','$2y$10$Au2EsPHCdfVEAO5OzjPxFOC1Tddsfpga0lwjfc8ZILetu.81YDXoa','True','at.pretium@vulputatemauris.net');
INSERT INTO users (username,password,enabled,email) VALUES ('JoanGaines','$2y$10$MH2xUqPO9zChydDF3EkhoewS7RwlOxHDIY94yqfNnu8vkq0iRTqbS','True','urna@nec.co.uk');
INSERT INTO users (username,password,enabled,email) VALUES ('NatalieRowland','$2y$10$1EzKZxQNjohHrggobfsM4.NSSllmDrkh8by919O4BJF/bxKJy5w6i','True','vitae.diam.Proin@vulputateeuodio.co.uk');
INSERT INTO users (username,password,enabled,email) VALUES ('KellyLeon','$2y$10$DqhWEhr8JjDGp0MKiYn5/eQcG/r.VAG3LljENCUPTVorBY3i4lEt.','True','odio.auctor.vitae@estMauris.ca');
INSERT INTO users (username,password,enabled,email) VALUES ('IlianaEllis','$2y$10$X5Bej4SCFribUetPnoedi./2VCuRNMkDbcq99z8D3TBudYYgLIsvK','True','Praesent@Phasellusfermentumconvallis.com');
INSERT INTO users (username,password,enabled,email) VALUES ('OlgaLindsey','$2y$10$2.qud96vA/xaRMtmYzRSRu3Qc8OAChSNLtnlNkPj7yUY1L2n4bbq6','True','orci.Phasellus.dapibus@consequat.com');
INSERT INTO users (username,password,enabled,email) VALUES ('ElvisCastillo','$2y$10$helV2.2PynEqitG9n7OcZu8Ryf21kkPy7c5CrgvcGrLcfNRK2hZmq','True','sociis.natoque@estmollis.net');
INSERT INTO users (username,password,enabled,email) VALUES ('VeraAtkinson','$2y$10$HTu371cnu0grNr7cplvmF.sewvdKbwZpRHakUVEc4BJ41FtHyaI2S','True','ligula.Aenean.gravida@odioAliquamvulputate.org');
INSERT INTO users (username,password,enabled,email) VALUES ('RanaRush','$2y$10$jXSw.yGHEiQTdZ7A3C1sseGh8.GpEl.K/y9A966a03P9kc/i4fh6W','True','litora@feugiatSednec.com');
INSERT INTO users (username,password,enabled,email) VALUES ('AlanaBartlett','$2y$10$cmT7xE9YAREmz3cQRKj2Re7lALEnkWfsVk4E7VTqRVSUrH/bIJfR2','True','semper.dui@Mauris.net');
INSERT INTO users (username,password,enabled,email) VALUES ('NaomiMcgowan','$2y$10$juzM19EscQd1CNUIfq9hRujYwNOQLGsWoHvpLnmUTCMEWEJi9Fh9K','True','a@Aliquamauctorvelit.net');
INSERT INTO users (username,password,enabled,email) VALUES ('HeidiMathews','$2y$10$LXIgAevMd3R0IRcCwvqfzeLnzENQVsGlkpQ0WzIfZ5cJgp6HrtZrS','True','ligula@rutrumloremac.edu');
INSERT INTO users (username,password,enabled,email) VALUES ('LewisRandolph','$2y$10$K25bu5e2DvE1iLdO2yZ9senRzxECNckHulrChmQeGa4x2MkNFt.Z6','True','Donec@laciniaatiaculis.org');
INSERT INTO users (username,password,enabled,email) VALUES ('StewartMarquez','$2y$10$8ybsh0O2sZT/zhJaGMh.1u5ITZhKodK4gHOwzCYny82cX5xi9jUi6','True','ipsum.Donec@mi.co.uk');
INSERT INTO users (username,password,enabled,email) VALUES ('MiriamKeller','$2y$10$pCd823.Y9nXkpzxcQDYUL.36YGwf7udHI8pkQ6RbT8LA7ZAHz7xx6','True','Sed.eu.eros@volutpatornare.co.uk');
INSERT INTO users (username,password,enabled,email) VALUES ('FrancesSalazar','$2y$10$cOo2D9jVYZPn7p3BchjNvOTsjE7nxTPHmnQty3IZTT.XJH2CLjLDO','True','Mauris.vestibulum.neque@Seddiamlorem.com');
INSERT INTO users (username,password,enabled,email) VALUES ('MosesBarrera','$2y$10$XO88lbAqx.AQlzpjplMPIuWyUM1KCoydUi.1edrrjz6G4OsIzYXVq','True','dolor.sit.amet@Namnullamagna.com');
INSERT INTO users (username,password,enabled,email) VALUES ('PerryBarton','$2y$10$na.CVVwiVK7iNB0pnHCK8u5qRBLIWwSMyju6sUwjpFXG6.uQ/X2XO','True','urna.Vivamus.molestie@vulputate.org');
INSERT INTO users (username,password,enabled,email) VALUES ('GuinevereHorn','$2y$10$fcYlt3aH61/3PzE.AatT7.C4wPSmpH7/OZuxklXdBCfHfClFXxMta','True','Aliquam@sedsemegestas.co.uk');
INSERT INTO users (username,password,enabled,email) VALUES ('JonasJensen','$2y$10$GVVS6rp92Wu5sSx92F4VFeU1XQC3f7PpNmpzt4f5C.pz5zYwYBO8e','True','tempus.lorem@dictumeuplacerat.net');
INSERT INTO users (username,password,enabled,email) VALUES ('JacksonBeck','$2y$10$esAEIh987bNC9a5NPiflRu94NFJT3b.Wn6gZpwYmOAbiWsONDHl7e','True','non@Suspendissedui.co.uk');
INSERT INTO users (username,password,enabled,email) VALUES ('QuinCollier','$2y$10$s8gClVafDIUXyvT71XIjbuHPbYzFP1mi8/bbEfkSw/lkPC79FH7rW','True','Duis.dignissim@risusDonecegestas.com');
INSERT INTO users (username,password,enabled,email) VALUES ('ShannonBuckner','$2y$10$RNkx5on2UC7oDY8E2q2WxuGjPEgIFPjeuJfaGb6CymOJws74CzPKS','True','velit.Aliquam.nisl@nonummyipsumnon.edu');
INSERT INTO users (username,password,enabled,email) VALUES ('AlfredaPhillips','$2y$10$gZ4dx1oLVF8W3f3pWnqn1eGTdkavwHl8YZW2SjKjk120d0xwhazRO','True','pellentesque@Namligula.com');
INSERT INTO users (username,password,enabled,email) VALUES ('IlianaDillard','$2y$10$inRSJfpFx3BNJWUFIDtXWOm5l7yfyi5wbmkIcyb2CIijkJrAiKpnu','True','accumsan.convallis@et.ca');
INSERT INTO users (username,password,enabled,email) VALUES ('BrynnePatton','$2y$10$Ssll8HUkLB/tCoY1s/IGAuSoaxTzgjB0qmB44BeiHvuOozLJGST5K','True','euismod.mauris@dui.co.uk');
INSERT INTO users (username,password,enabled,email) VALUES ('JenniferBaird','$2y$10$4ri9lc6B.1LmTn8oaVmQAOc8lw3/KgOkGNrTi3nFjGO5pH/uuif6K','True','Nunc.sed.orci@aarcu.com');
INSERT INTO users (username,password,enabled,email) VALUES ('DariaSheppard','$2y$10$lxyuM3uI.r24Mo.mGsSI2.WtgoU/e95AKLYtNEAU3v9Yl5UyeIe9C','True','Mauris@pede.com');
INSERT INTO users (username,password,enabled,email) VALUES ('ScarletHamilton','$2y$10$pOhSstIFgB.KlHS0810n7eiYlfhJCaQeTt7oBiNK6AwtOMBBphZJ.','True','urna@perinceptoshymenaeos.edu');
INSERT INTO users (username,password,enabled,email) VALUES ('KaneBurch','$2y$10$ATANUx/Nf6U2gbDP2n6U1uU9ZJjDoI380VqDp.ZCd7ETx9wbFXna2','True','purus@aauctor.org');
INSERT INTO users (username,password,enabled,email) VALUES ('SybillWilliamson','$2y$10$6DDwjvOsEP7dQh4hxUxheOLZv0EdVxc/OgYnBcC6uvFe/BQCm5kvu','True','id.risus@et.co.uk');
INSERT INTO users (username,password,enabled,email) VALUES ('HedwigCarey','$2y$10$6uEARWepHlWKLX93lJ5cWu0OU.vVbTumtjwwp1fr6P.lt1WuDLHgq','True','turpis@orci.com');
INSERT INTO users (username,password,enabled,email) VALUES ('JosephineWoodard','$2y$10$BGZE.vbozUUDWRsO5RBNkOJHZz6AFCdWGaDhngoNAh7KEVzgMSOiS','True','Nulla.eget.metus@lorem.ca');
INSERT INTO users (username,password,enabled,email) VALUES ('AlecHill','$2y$10$OX2GsiTQHRjACXhk96fcYOrBezuDeQPoiQKDvwcHftlK5LhsNaP3u','True','eu@risus.com');


--ARTIST-----------------------------------------------------------------------------------------------------------------------------------------------------------------------
INSERT INTO artists (id,version,description,name,sur_name,pro,username,role,photo,left_projects) VALUES (1,0,'Cámara buscando un proyecto en el que trabajar en sus ratos libres','Artist','Artist','True','artist','CAMARA','https://i.pinimg.com/originals/51/f6/fb/51f6fb256629fc755b8870c801092942.png',1);
INSERT INTO artists (id,version,description,name,sur_name,pro,username,role,photo,left_projects) VALUES (2,0,'Actor novato apasionado por el mundillo','Jarrod','Huffman','True','JarrodHuffman','ACTOR','https://image.freepik.com/foto-gratis/retrato-joven-sonriente-gafas_171337-4842.jpg',1);
INSERT INTO artists (id,version,description,name,sur_name,pro,username,role,photo,left_projects) VALUES (3,0,'Director con cierta experiencia, buscando su salto al estrellato','Ross','Simpson','True','RossSimpson','DIRECTOR','https://image.freepik.com/foto-gratis/retrato-hombre-blanco-aislado_53876-40306.jpg',1);
INSERT INTO artists (id,version,description,name,sur_name,pro,username,role,photo,left_projects) VALUES (4,0,'Fan de Star Wars y los sonidos en el vacío del espacio','Gray','Church','True','GrayChurch','EFECTOS_ESPECIALES','https://st.depositphotos.com/1224365/2498/i/600/depositphotos_24980235-stock-photo-portrait-of-a-normal-man.jpg',1);
INSERT INTO artists (id,version,description,name,sur_name,pro,username,role,photo,left_projects) VALUES (5,0,'Descubierto recientemente el hobby de la edición de video','Ronan','Moss','True','RonanMoss','EDICION','http://www.misimagenesde.com/wp-content/uploads/2010/01/fotos-de-caras.jpg',1);
INSERT INTO artists (id,version,description,name,sur_name,pro,username,role,photo,left_projects) VALUES (6,0,'Encargada de sonido, buscando un equipo en el que encajar','Denise','Mills','True','DeniseMills','SONIDO','https://cdn.pixabay.com/photo/2017/08/30/12/45/girl-2696947_960_720.jpg',1);
INSERT INTO artists (id,version,description,name,sur_name,pro,username,role,photo,left_projects) VALUES (7,0,'Cámara dedicado, dispuesto a dar el 110%','Joy','Villareal','False','JoyVillarreal','CAMARA','https://ath2.unileverservices.com/wp-content/uploads/sites/5/2018/08/cabello-rizado-con-flequillo2-683x1024.jpg',1);
INSERT INTO artists (id,version,description,name,sur_name,pro,username,role,photo,left_projects) VALUES (8,0,'Actor profesional harto de la profesionalidad','Ashely','Guzman', 'True', 'AshelyGuzman', 'ACTOR','https://encrypted-tbn0.gstatic.com/images?q=tbn:ANd9GcS6Puw4Zvv_N1jtwBHs6zxOn5easgTIigIDYg&usqp=CAU',1);
INSERT INTO artists (id,version,description,name,sur_name,pro,username,role,photo,left_projects) VALUES (9,0,'En busca de ser el siguiente Steven Spielberg','Tatyana','Avila','True','TatyanaAvila','DIRECTOR','https://photolari.com/wp-content/uploads/2018/12/Lidia_Vives_3.jpg',1);
INSERT INTO artists (id,version,description,name,sur_name,pro,username,role,photo,left_projects) VALUES (10,0,'Con unas cuantas hojas y un par de petardos obtiene cualquier sonido','Glenna','Wheeler','True','GlennaWheeler','EFECTOS_ESPECIALES','https://image.freepik.com/foto-gratis/primer-plano-dolor-artistico-cara-hombre_23-2148364839.jpg',1);
INSERT INTO artists (id,version,description,name,sur_name,pro,username,role,photo,left_projects) VALUES (11,0,'En busca de ser el próximo Nicolas Cage','Winter','Castro','True','WinterCastro','ACTOR','http://nuestropensar.files.wordpress.com/2010/07/main-9aaf5b50-b2e1-43f9-8ee1-cd62ca5a5610.jpg',1);
INSERT INTO artists (id,version,description,name,sur_name,pro,username,role,photo,left_projects) VALUES (12,0,'Papá Noel cometió el error de regalarme un micrófono','Aquila','Rodriguez','True','AquilaRodriquez','SONIDO','https://i.pinimg.com/564x/f4/20/f7/f420f72ff15a55f6333a3f76ea76143b.jpg',1);
INSERT INTO artists (id,version,description,name,sur_name,pro,username,role,photo,left_projects) VALUES (13,0,'Cámara experimentado, en busca de algo más tranquilo','Ora','Boyla','False','OraBoyle','CAMARA','https://mamiverse.com/es/wp-content/uploads/2016/01/Te%CC%81cnicas-fotogra%CC%81ficas-El-arte-de-las-fotos-arti%CC%81sticas-MainPhoto.jpg',1);
INSERT INTO artists (id,version,description,name,sur_name,pro,username,role,photo,left_projects) VALUES (14,0,'Involucrado en el mundo desde aquel recorte de cartón a los 7 años','Hedy','Tate','True','HedyTate','EFECTOS_ESPECIALES','https://encrypted-tbn0.gstatic.com/images?q=tbn:ANd9GcS3pjLv_Ce78EkxbnN_5rfbRLZXWElbbZdO2A&usqp=CAU',1);
INSERT INTO artists (id,version,description,name,sur_name,pro,username,role,photo,left_projects) VALUES (15,0,'Encargada de sonido, con equipo de baja calidad pero resultados excelentes','Wyatt','Hogan','True','WyattHogan','SONIDO','https://toyoutome.es/wp-content/uploads/2015/02/ARCO_Educ_850.jpg',1);
INSERT INTO artists (id,version,description,name,sur_name,pro,username,role,photo,left_projects) VALUES (16,0,'Actor de relleno al que no le importa ser uno más','Rudyard','Rogers','True','RudyardRogers','ACTOR','https://www.imagenesyarte.com/wp-content/uploads/2018/12/puertas-artisticas-22-Ima%CC%81genes-y-Arte.jpg',1);
INSERT INTO artists (id,version,description,name,sur_name,pro,username,role,photo,left_projects) VALUES (17,0,'Actor de relleno al que no le importa ser uno más','Hunter','Mcfarland','False','HunterMcfarland','ACTOR','https://encrypted-tbn0.gstatic.com/images?q=tbn:ANd9GcTpGrtWKTHrNp8WItVAqq85VOA3IhHG7R4y0g&usqp=CAU',1);
INSERT INTO artists (id,version,description,name,sur_name,pro,username,role,photo,left_projects) VALUES (18,0,'Actor de relleno al que no le importa ser uno más','Amber','Wiley','True','AmberWiley','ACTOR','https://www.fotonostra.com/fotografia/fotos/fotoartistica.jpg',1);
INSERT INTO artists (id,version,description,name,sur_name,pro,username,role,photo,left_projects) VALUES (19,0,'Actor de relleno al que no le importa ser uno más','Micah','Burch','False','MicahBurch','ACTOR','https://mateomae.files.wordpress.com/2013/01/chema-madoz-fotografia-90.jpg',1);
INSERT INTO artists (id,version,description,name,sur_name,pro,username,role,photo,left_projects) VALUES (20,0,'Actor de relleno al que no le importa ser uno más','Jared','Avery','True','JaredAvery','ACTOR','https://mateomae.files.wordpress.com/2013/01/ray_pr.jpg',1);
--PRODUCERS-----------------------------------------------------------------------------------------------------------------------------------------------------------------------
INSERT INTO producers (version, photo, username, name, description, sur_name) VALUES (0,'https://image.flaticon.com/icons/png/512/183/183349.png','FrancisHolder','Leonard Photography','Empresa productora de peliculas, buscamos artistas nuevos en el sector','Horton');
INSERT INTO producers (version, photo, username, name, description, sur_name) VALUES (0,'https://image.flaticon.com/icons/png/512/183/183349.png','EmiLogan','Ellis Reproductions','Empresa productora de peliculas, buscamos artistas nuevos en el sector','Hines');
INSERT INTO producers (version, photo, username, name, description, sur_name) VALUES (0,'https://image.flaticon.com/icons/png/512/183/183349.png','LeeRobertson','Adderley Distribution','Empresa productora de peliculas, buscamos artistas nuevos en el sector','Kelly');
INSERT INTO producers (version, photo, username, name, description, sur_name) VALUES (0,'https://image.flaticon.com/icons/png/512/183/183349.png','FlorenceCooper','Bates Coachworks','Empresa productora de peliculas, buscamos artistas nuevos en el sector','Hampton');
INSERT INTO producers (version, photo, username, name, description, sur_name) VALUES (0,'https://image.flaticon.com/icons/png/512/183/183349.png','HayesBenton','Gatfield Photography','Empresa productora de peliculas, buscamos artistas nuevos en el sector','Kline');
INSERT INTO producers (version, photo, username, name, description, sur_name) VALUES (0,'https://image.flaticon.com/icons/png/512/183/183349.png','MarciaCollier','West Side Publishing','Empresa productora de peliculas, buscamos artistas nuevos en el sector','Erickson');
INSERT INTO producers (version, photo, username, name, description, sur_name) VALUES (0,'https://image.flaticon.com/icons/png/512/183/183349.png','VannaHarding','Nevin Arts','Empresa productora de peliculas, buscamos artistas nuevos en el sector','Carlson');
INSERT INTO producers (version, photo, username, name, description, sur_name) VALUES (0,'https://image.flaticon.com/icons/png/512/183/183349.png','XylaLamb','Middleton Marketing','Empresa productora de peliculas, buscamos artistas nuevos en el sector','Fletcher');
INSERT INTO producers (version, photo, username, name, description, sur_name) VALUES (0,'https://image.flaticon.com/icons/png/512/183/183349.png','VeronicaDuran','Wilton Photography','Empresa productora de peliculas, buscamos artistas nuevos en el sector','Flynn');
INSERT INTO producers (version, photo, username, name, description, sur_name) VALUES (0,'https://image.flaticon.com/icons/png/512/183/183349.png','LawrenceHolland','Cook Cameras','Empresa productora de peliculas, buscamos artistas nuevos en el sector','Morse');
INSERT INTO producers (version, photo, username, name, description, sur_name) VALUES (0,'https://image.flaticon.com/icons/png/512/183/183349.png','RhonaKing','East View Coachworks','Empresa productora de peliculas, buscamos artistas nuevos en el sector','Holcomb');
INSERT INTO producers (version, photo, username, name, description, sur_name) VALUES (0,'https://image.flaticon.com/icons/png/512/183/183349.png','XenaDalton','East Side Technologies','Empresa productora de peliculas, buscamos artistas nuevos en el sector','Cunningham');
INSERT INTO producers (version, photo, username, name, description, sur_name) VALUES (0,'https://image.flaticon.com/icons/png/512/183/183349.png','BarclayGoodman','Cartwright Memorabilia','Empresa productora de peliculas, buscamos artistas nuevos en el sector','Holder');
INSERT INTO producers (version, photo, username, name, description, sur_name) VALUES (0,'https://image.flaticon.com/icons/png/512/183/183349.png','UrsulaHenderson','Sanders Electronics','Empresa productora de peliculas, buscamos artistas nuevos en el sector','Singleton');
INSERT INTO producers (version, photo, username, name, description, sur_name) VALUES (0,'https://image.flaticon.com/icons/png/512/183/183349.png','ReeseRoberts','Yambee','Empresa productora de peliculas, buscamos artistas nuevos en el sector','Howard');
INSERT INTO producers (version, photo, username, name, description, sur_name) VALUES (0,'https://image.flaticon.com/icons/png/512/183/183349.png','DerekRiddle','Eare','Empresa productora de peliculas, buscamos artistas nuevos en el sector','Orr');
INSERT INTO producers (version, photo, username, name, description, sur_name) VALUES (0,'https://image.flaticon.com/icons/png/512/183/183349.png','CameronOlson','Twitterbeat','Empresa productora de peliculas, buscamos artistas nuevos en el sector','Gonzales');
INSERT INTO producers (version, photo, username, name, description, sur_name) VALUES (0,'https://image.flaticon.com/icons/png/512/183/183349.png','AlexanderLamb','Oyoloo','Empresa productora de peliculas, buscamos artistas nuevos en el sector','Merritt');
INSERT INTO producers (version, photo, username, name, description, sur_name) VALUES (0,'https://image.flaticon.com/icons/png/512/183/183349.png','ZacharyLeonard','Kanoodle','Empresa productora de peliculas, buscamos artistas nuevos en el sector','Maddox');
INSERT INTO producers (version, photo, username, name, description, sur_name) VALUES (0,'https://image.flaticon.com/icons/png/512/183/183349.png','JerryMiranda','Twimbo','Empresa productora de peliculas, buscamos artistas nuevos en el sector','Hurley');
INSERT INTO producers (version, photo, username, name, description, sur_name) VALUES (0,'https://image.flaticon.com/icons/png/512/183/183349.png','QuamarEllison','Trilia','Empresa productora de peliculas, buscamos artistas nuevos en el sector','Small');
INSERT INTO producers (version, photo, username, name, description, sur_name) VALUES (0,'https://image.flaticon.com/icons/png/512/183/183349.png','KirestinSantiago','Zoomdog','Empresa productora de peliculas, buscamos artistas nuevos en el sector','Wilkerson');
INSERT INTO producers (version, photo, username, name, description, sur_name) VALUES (0,'https://image.flaticon.com/icons/png/512/183/183349.png','BrettGuy','Roomm','Empresa productora de peliculas, buscamos artistas nuevos en el sector','Bird');
INSERT INTO producers (version, photo, username, name, description, sur_name) VALUES (0,'https://image.flaticon.com/icons/png/512/183/183349.png','VenusMiles','Eidel','Empresa productora de peliculas, buscamos artistas nuevos en el sector','Hatfield');
INSERT INTO producers (version, photo, username, name, description, sur_name) VALUES (0,'https://image.flaticon.com/icons/png/512/183/183349.png','DeannaWashington','Tagopia','Empresa productora de peliculas, buscamos artistas nuevos en el sector','Mcclure');
INSERT INTO producers (version, photo, username, name, description, sur_name) VALUES (0,'https://image.flaticon.com/icons/png/512/183/183349.png','MatthewSlater','Geba','Empresa productora de peliculas, buscamos artistas nuevos en el sector','Witt');
INSERT INTO producers (version, photo, username, name, description, sur_name) VALUES (0,'https://image.flaticon.com/icons/png/512/183/183349.png','ColtonDuffy','Yakidoo','Empresa productora de peliculas, buscamos artistas nuevos en el sector','Spears');
INSERT INTO producers (version, photo, username, name, description, sur_name) VALUES (0,'https://image.flaticon.com/icons/png/512/183/183349.png','NissimBoyer','Topdrive','Empresa productora de peliculas, buscamos artistas nuevos en el sector','Howell');
INSERT INTO producers (version, photo, username, name, description, sur_name) VALUES (0,'https://image.flaticon.com/icons/png/512/183/183349.png','IllanaAvila','Jabbercube','Empresa productora de peliculas, buscamos artistas nuevos en el sector','Livingston');
INSERT INTO producers (version, photo, username, name, description, sur_name) VALUES (0,'https://image.flaticon.com/icons/png/512/183/183349.png','BuffyLynn','Zazio','Empresa productora de peliculas, buscamos artistas nuevos en el sector','Lamb');
INSERT INTO producers (version, photo, username, name, description, sur_name) VALUES (0,'https://image.flaticon.com/icons/png/512/183/183349.png','IdonaMerrill','Gigazoom','Empresa productora de peliculas, buscamos artistas nuevos en el sector','Warner');
INSERT INTO producers (version, photo, username, name, description, sur_name) VALUES (0,'https://image.flaticon.com/icons/png/512/183/183349.png','MercedesDunn','Zoovu','Empresa productora de peliculas, buscamos artistas nuevos en el sector','Roach');
INSERT INTO producers (version, photo, username, name, description, sur_name) VALUES (0,'https://image.flaticon.com/icons/png/512/183/183349.png','ErichOwen','Fliptune','Empresa productora de peliculas, buscamos artistas nuevos en el sector','Carpenter');
INSERT INTO producers (version, photo, username, name, description, sur_name) VALUES (0,'https://image.flaticon.com/icons/png/512/183/183349.png','LillithFrench','Realcube','Empresa productora de peliculas, buscamos artistas nuevos en el sector','Bird');
INSERT INTO producers (version, photo, username, name, description, sur_name) VALUES (0,'https://image.flaticon.com/icons/png/512/183/183349.png','DanteCoffey','Plajo','Empresa productora de peliculas, buscamos artistas nuevos en el sector','Odonnell');
INSERT INTO producers (version, photo, username, name, description, sur_name) VALUES (0,'https://image.flaticon.com/icons/png/512/183/183349.png','JermaineHahn','Trudeo','Empresa productora de peliculas, buscamos artistas nuevos en el sector','Santiago');
INSERT INTO producers (version, photo, username, name, description, sur_name) VALUES (0,'https://image.flaticon.com/icons/png/512/183/183349.png','LinusDennis','Feedfire','Empresa productora de peliculas, buscamos artistas nuevos en el sector','Montgomery');
INSERT INTO producers (version, photo, username, name, description, sur_name) VALUES (0,'https://image.flaticon.com/icons/png/512/183/183349.png','IfeomaMiles','Topicblab','Empresa productora de peliculas, buscamos artistas nuevos en el sector','Conley');
INSERT INTO producers (version, photo, username, name, description, sur_name) VALUES (0,'https://image.flaticon.com/icons/png/512/183/183349.png','EleanorCrane','Aimbu','Empresa productora de peliculas, buscamos artistas nuevos en el sector','Nguyen');
INSERT INTO producers (version, photo, username, name, description, sur_name) VALUES (0,'https://image.flaticon.com/icons/png/512/183/183349.png','DesiraeBuchanan','Meedoo','Empresa productora de peliculas, buscamos artistas nuevos en el sector','Wilkinson');
INSERT INTO producers (version, photo, username, name, description, sur_name) VALUES (0,'https://image.flaticon.com/icons/png/512/183/183349.png','RudyardDiaz','Quamba','Empresa productora de peliculas, buscamos artistas nuevos en el sector','Wynn');

--WRITERS-----------------------------------------------------------------------------------------------------------------------------------------------------------------------
INSERT INTO writers (version, description, name, sur_name, photo, username) VALUES (0,'Aficionado a la escritura desde que era pequeños','Rebecca','Bullock','https://encrypted-tbn0.gstatic.com/images?q=tbn:ANd9GcSXLauXHp8NfrusbSPOfujsPJgxe6KIgQjiVw&usqp=CAU','GradyManning');
INSERT INTO writers (version, description, name, sur_name, photo, username) VALUES (0,'Aficionado a la escritura desde que era pequeños','Libby','Vaughan','https://encrypted-tbn0.gstatic.com/images?q=tbn:ANd9GcSXLauXHp8NfrusbSPOfujsPJgxe6KIgQjiVw&usqp=CAU','KyleConway');
INSERT INTO writers (version, description, name, sur_name, photo, username) VALUES (0,'Aficionado a la escritura desde que era pequeños','Wyatt','Moore','https://encrypted-tbn0.gstatic.com/images?q=tbn:ANd9GcSXLauXHp8NfrusbSPOfujsPJgxe6KIgQjiVw&usqp=CAU','MelyssaMedina');
INSERT INTO writers (version, description, name, sur_name, photo, username) VALUES (0,'Aficionado a la escritura desde que era pequeños','Ingrid','Ellis','https://encrypted-tbn0.gstatic.com/images?q=tbn:ANd9GcSXLauXHp8NfrusbSPOfujsPJgxe6KIgQjiVw&usqp=CAU','IvoryGibbs');
INSERT INTO writers (version, description, name, sur_name, photo, username) VALUES (0,'Aficionado a la escritura desde que era pequeños','Karen','Sanford','https://encrypted-tbn0.gstatic.com/images?q=tbn:ANd9GcSXLauXHp8NfrusbSPOfujsPJgxe6KIgQjiVw&usqp=CAU','GradyVincent');
INSERT INTO writers (version, description, name, sur_name, photo, username) VALUES (0,'Aficionado a la escritura desde que era pequeños','Stone','Sanford','https://encrypted-tbn0.gstatic.com/images?q=tbn:ANd9GcSXLauXHp8NfrusbSPOfujsPJgxe6KIgQjiVw&usqp=CAU','BrodyDavidson');
INSERT INTO writers (version, description, name, sur_name, photo, username) VALUES (0,'Aficionado a la escritura desde que era pequeños','Hop','Blevins','https://encrypted-tbn0.gstatic.com/images?q=tbn:ANd9GcSXLauXHp8NfrusbSPOfujsPJgxe6KIgQjiVw&usqp=CAU','WyomingSilva');
INSERT INTO writers (version, description, name, sur_name, photo, username) VALUES (0,'Aficionado a la escritura desde que era pequeños','Hammett','Atkins','https://encrypted-tbn0.gstatic.com/images?q=tbn:ANd9GcSXLauXHp8NfrusbSPOfujsPJgxe6KIgQjiVw&usqp=CAU','JoanGaines');
INSERT INTO writers (version, description, name, sur_name, photo, username) VALUES (0,'Aficionado a la escritura desde que era pequeños','Sara','Snow','https://encrypted-tbn0.gstatic.com/images?q=tbn:ANd9GcSXLauXHp8NfrusbSPOfujsPJgxe6KIgQjiVw&usqp=CAU','NatalieRowland');
INSERT INTO writers (version, description, name, sur_name, photo, username) VALUES (0,'Aficionado a la escritura desde que era pequeños','Magee','Schroeder','https://encrypted-tbn0.gstatic.com/images?q=tbn:ANd9GcSXLauXHp8NfrusbSPOfujsPJgxe6KIgQjiVw&usqp=CAU','KellyLeon');
INSERT INTO writers (version, description, name, sur_name, photo, username) VALUES (0,'Aficionado a la escritura desde que era pequeños','Idona','Farmer','https://encrypted-tbn0.gstatic.com/images?q=tbn:ANd9GcSXLauXHp8NfrusbSPOfujsPJgxe6KIgQjiVw&usqp=CAU','IlianaEllis');
INSERT INTO writers (version, description, name, sur_name, photo, username) VALUES (0,'Aficionado a la escritura desde que era pequeños','Clio','Fisher','https://encrypted-tbn0.gstatic.com/images?q=tbn:ANd9GcSXLauXHp8NfrusbSPOfujsPJgxe6KIgQjiVw&usqp=CAU','OlgaLindsey');
INSERT INTO writers (version, description, name, sur_name, photo, username) VALUES (0,'Aficionado a la escritura desde que era pequeños','Jerome','Sims','https://encrypted-tbn0.gstatic.com/images?q=tbn:ANd9GcSXLauXHp8NfrusbSPOfujsPJgxe6KIgQjiVw&usqp=CAU','ElvisCastillo');
INSERT INTO writers (version, description, name, sur_name, photo, username) VALUES (0,'Aficionado a la escritura desde que era pequeños','Amethyst','Wagner','https://encrypted-tbn0.gstatic.com/images?q=tbn:ANd9GcSXLauXHp8NfrusbSPOfujsPJgxe6KIgQjiVw&usqp=CAU','VeraAtkinson');
INSERT INTO writers (version, description, name, sur_name, photo, username) VALUES (0,'Aficionado a la escritura desde que era pequeños','Giacomo','Battle','https://encrypted-tbn0.gstatic.com/images?q=tbn:ANd9GcSXLauXHp8NfrusbSPOfujsPJgxe6KIgQjiVw&usqp=CAU','RanaRush');
INSERT INTO writers (version, description, name, sur_name, photo, username) VALUES (0,'Aficionado a la escritura desde que era pequeños','Charlotte','Mcbride','https://encrypted-tbn0.gstatic.com/images?q=tbn:ANd9GcSXLauXHp8NfrusbSPOfujsPJgxe6KIgQjiVw&usqp=CAU','AlanaBartlett');
INSERT INTO writers (version, description, name, sur_name, photo, username) VALUES (0,'Aficionado a la escritura desde que era pequeños','Halla','Foster','https://encrypted-tbn0.gstatic.com/images?q=tbn:ANd9GcSXLauXHp8NfrusbSPOfujsPJgxe6KIgQjiVw&usqp=CAU','NaomiMcgowan');
INSERT INTO writers (version, description, name, sur_name, photo, username) VALUES (0,'Aficionado a la escritura desde que era pequeños','Kasimir','Reese','https://encrypted-tbn0.gstatic.com/images?q=tbn:ANd9GcSXLauXHp8NfrusbSPOfujsPJgxe6KIgQjiVw&usqp=CAU','HeidiMathews');
INSERT INTO writers (version, description, name, sur_name, photo, username) VALUES (0,'Aficionado a la escritura desde que era pequeños','Blake','Burgess','https://encrypted-tbn0.gstatic.com/images?q=tbn:ANd9GcSXLauXHp8NfrusbSPOfujsPJgxe6KIgQjiVw&usqp=CAU','LewisRandolph');
INSERT INTO writers (version, description, name, sur_name, photo, username) VALUES (0,'Aficionado a la escritura desde que era pequeños','Blaine','Wood','https://encrypted-tbn0.gstatic.com/images?q=tbn:ANd9GcSXLauXHp8NfrusbSPOfujsPJgxe6KIgQjiVw&usqp=CAU','StewartMarquez');
INSERT INTO writers (version, description, name, sur_name, photo, username) VALUES (0,'Aficionado a la escritura desde que era pequeños','Sydney','Larson','https://encrypted-tbn0.gstatic.com/images?q=tbn:ANd9GcSXLauXHp8NfrusbSPOfujsPJgxe6KIgQjiVw&usqp=CAU','MiriamKeller');
INSERT INTO writers (version, description, name, sur_name, photo, username) VALUES (0,'Aficionado a la escritura desde que era pequeños','Cassidy','Franklin','https://encrypted-tbn0.gstatic.com/images?q=tbn:ANd9GcSXLauXHp8NfrusbSPOfujsPJgxe6KIgQjiVw&usqp=CAU','FrancesSalazar');
INSERT INTO writers (version, description, name, sur_name, photo, username) VALUES (0,'Aficionado a la escritura desde que era pequeños','Quamar','Weeks','https://encrypted-tbn0.gstatic.com/images?q=tbn:ANd9GcSXLauXHp8NfrusbSPOfujsPJgxe6KIgQjiVw&usqp=CAU','MosesBarrera');
INSERT INTO writers (version, description, name, sur_name, photo, username) VALUES (0,'Aficionado a la escritura desde que era pequeños','Ruth','Palmer','https://encrypted-tbn0.gstatic.com/images?q=tbn:ANd9GcSXLauXHp8NfrusbSPOfujsPJgxe6KIgQjiVw&usqp=CAU','PerryBarton');
INSERT INTO writers (version, description, name, sur_name, photo, username) VALUES (0,'Aficionado a la escritura desde que era pequeños','Nissim','Davis','https://encrypted-tbn0.gstatic.com/images?q=tbn:ANd9GcSXLauXHp8NfrusbSPOfujsPJgxe6KIgQjiVw&usqp=CAU','GuinevereHorn');
INSERT INTO writers (version, description, name, sur_name, photo, username) VALUES (0,'Aficionado a la escritura desde que era pequeños','Keefe','Best','https://encrypted-tbn0.gstatic.com/images?q=tbn:ANd9GcSXLauXHp8NfrusbSPOfujsPJgxe6KIgQjiVw&usqp=CAU','JonasJensen');
INSERT INTO writers (version, description, name, sur_name, photo, username) VALUES (0,'Aficionado a la escritura desde que era pequeños','Nomlanga','Cantrell','https://encrypted-tbn0.gstatic.com/images?q=tbn:ANd9GcSXLauXHp8NfrusbSPOfujsPJgxe6KIgQjiVw&usqp=CAU','JacksonBeck');
INSERT INTO writers (version, description, name, sur_name, photo, username) VALUES (0,'Aficionado a la escritura desde que era pequeños','Sean','Carson','https://encrypted-tbn0.gstatic.com/images?q=tbn:ANd9GcSXLauXHp8NfrusbSPOfujsPJgxe6KIgQjiVw&usqp=CAU','QuinCollier');
INSERT INTO writers (version, description, name, sur_name, photo, username) VALUES (0,'Aficionado a la escritura desde que era pequeños','Rhoda','Guy','https://encrypted-tbn0.gstatic.com/images?q=tbn:ANd9GcSXLauXHp8NfrusbSPOfujsPJgxe6KIgQjiVw&usqp=CAU','ShannonBuckner');
INSERT INTO writers (version, description, name, sur_name, photo, username) VALUES (0,'Aficionado a la escritura desde que era pequeños','Aaron','Potts','https://encrypted-tbn0.gstatic.com/images?q=tbn:ANd9GcSXLauXHp8NfrusbSPOfujsPJgxe6KIgQjiVw&usqp=CAU','AlfredaPhillips');
INSERT INTO writers (version, description, name, sur_name, photo, username) VALUES (0,'Aficionado a la escritura desde que era pequeños','George','Lowe','https://encrypted-tbn0.gstatic.com/images?q=tbn:ANd9GcSXLauXHp8NfrusbSPOfujsPJgxe6KIgQjiVw&usqp=CAU','IlianaDillard');
INSERT INTO writers (version, description, name, sur_name, photo, username) VALUES (0,'Aficionado a la escritura desde que era pequeños','Dale','Obrien','https://encrypted-tbn0.gstatic.com/images?q=tbn:ANd9GcSXLauXHp8NfrusbSPOfujsPJgxe6KIgQjiVw&usqp=CAU','BrynnePatton');
INSERT INTO writers (version, description, name, sur_name, photo, username) VALUES (0,'Aficionado a la escritura desde que era pequeños','Barbara','English','https://encrypted-tbn0.gstatic.com/images?q=tbn:ANd9GcSXLauXHp8NfrusbSPOfujsPJgxe6KIgQjiVw&usqp=CAU','JenniferBaird');
INSERT INTO writers (version, description, name, sur_name, photo, username) VALUES (0,'Aficionado a la escritura desde que era pequeños','Giselle','Glover','https://encrypted-tbn0.gstatic.com/images?q=tbn:ANd9GcSXLauXHp8NfrusbSPOfujsPJgxe6KIgQjiVw&usqp=CAU','DariaSheppard');
INSERT INTO writers (version, description, name, sur_name, photo, username) VALUES (0,'Aficionado a la escritura desde que era pequeños','Clinton','Kelley','https://encrypted-tbn0.gstatic.com/images?q=tbn:ANd9GcSXLauXHp8NfrusbSPOfujsPJgxe6KIgQjiVw&usqp=CAU','ScarletHamilton');
INSERT INTO writers (version, description, name, sur_name, photo, username) VALUES (0,'Aficionado a la escritura desde que era pequeños','Caryn','Maldonado','https://encrypted-tbn0.gstatic.com/images?q=tbn:ANd9GcSXLauXHp8NfrusbSPOfujsPJgxe6KIgQjiVw&usqp=CAU','KaneBurch');
INSERT INTO writers (version, description, name, sur_name, photo, username) VALUES (0,'Aficionado a la escritura desde que era pequeños','Noelle','Mcfadden','https://encrypted-tbn0.gstatic.com/images?q=tbn:ANd9GcSXLauXHp8NfrusbSPOfujsPJgxe6KIgQjiVw&usqp=CAU','SybillWilliamson');
INSERT INTO writers (version, description, name, sur_name, photo, username) VALUES (0,'Aficionado a la escritura desde que era pequeños','Samantha','Rivas','https://encrypted-tbn0.gstatic.com/images?q=tbn:ANd9GcSXLauXHp8NfrusbSPOfujsPJgxe6KIgQjiVw&usqp=CAU','HedwigCarey');
INSERT INTO writers (version, description, name, sur_name, photo, username) VALUES (0,'Aficionado a la escritura desde que era pequeños','Bradley','Petty','https://encrypted-tbn0.gstatic.com/images?q=tbn:ANd9GcSXLauXHp8NfrusbSPOfujsPJgxe6KIgQjiVw&usqp=CAU','JosephineWoodard');
INSERT INTO writers (version, description, name, sur_name, photo, username) VALUES (0,'Aficionado a la escritura desde que era pequeños','Bert','Moody','https://encrypted-tbn0.gstatic.com/images?q=tbn:ANd9GcSXLauXHp8NfrusbSPOfujsPJgxe6KIgQjiVw&usqp=CAU','AlecHill');

--AUTHORITIES-----------------------------------------------------------------------------------------------------------------------------------------------------------------------
INSERT INTO authorities(username, authority) VALUES ('admin','admin');
INSERT INTO authorities(username, authority) VALUES ('artist','artist');

INSERT INTO authorities (username, authority) VALUES ('JarrodHuffman', 'artist');
INSERT INTO authorities (username, authority) VALUES ('RossSimpson', 'artist');
INSERT INTO authorities (username, authority) VALUES ('GrayChurch', 'artist');
INSERT INTO authorities (username, authority) VALUES ('RonanMoss', 'artist');
INSERT INTO authorities (username, authority) VALUES ('DeniseMills', 'artist');
INSERT INTO authorities (username, authority) VALUES ('JoyVillarreal', 'artist');
INSERT INTO authorities (username, authority) VALUES ('AshelyGuzman', 'artist');
INSERT INTO authorities (username, authority) VALUES ('TatyanaAvila', 'artist');
INSERT INTO authorities (username, authority) VALUES ('GlennaWheeler', 'artist');
INSERT INTO authorities (username, authority) VALUES ('WinterCastro', 'artist');
INSERT INTO authorities (username, authority) VALUES ('AquilaRodriquez', 'artist');
INSERT INTO authorities (username, authority) VALUES ('OraBoyle', 'artist');
INSERT INTO authorities (username, authority) VALUES ('HedyTate', 'artist');
INSERT INTO authorities (username, authority) VALUES ('WyattHogan', 'artist');
INSERT INTO authorities (username, authority) VALUES ('RudyardRogers', 'artist');
INSERT INTO authorities (username, authority) VALUES ('HunterMcfarland', 'artist');
INSERT INTO authorities (username, authority) VALUES ('AmberWiley', 'artist');
INSERT INTO authorities (username, authority) VALUES ('MicahBurch', 'artist');
INSERT INTO authorities (username, authority) VALUES ('JaredAvery', 'artist');

--authorities producers----------------------------------------------------------------------------
INSERT INTO authorities (username, authority) VALUES ('FrancisHolder','producer');
INSERT INTO authorities (username, authority) VALUES ('EmiLogan','producer');
INSERT INTO authorities (username, authority) VALUES ('LeeRobertson','producer');
INSERT INTO authorities (username, authority) VALUES ('FlorenceCooper','producer');
INSERT INTO authorities (username, authority) VALUES ('HayesBenton','producer');
INSERT INTO authorities (username, authority) VALUES ('MarciaCollier','producer');
INSERT INTO authorities (username, authority) VALUES ('VannaHarding','producer');
INSERT INTO authorities (username, authority) VALUES ('XylaLamb','producer');
INSERT INTO authorities (username, authority) VALUES ('VeronicaDuran','producer');
INSERT INTO authorities (username, authority) VALUES ('LawrenceHolland','producer');
INSERT INTO authorities (username, authority) VALUES ('RhonaKing','producer');
INSERT INTO authorities (username, authority) VALUES ('XenaDalton','producer');
INSERT INTO authorities (username, authority) VALUES ('BarclayGoodman','producer');
INSERT INTO authorities (username, authority) VALUES ('UrsulaHenderson','producer');
INSERT INTO authorities (username, authority) VALUES ('ReeseRoberts','producer');
INSERT INTO authorities (username, authority) VALUES ('DerekRiddle','producer');
INSERT INTO authorities (username, authority) VALUES ('CameronOlson','producer');
INSERT INTO authorities (username, authority) VALUES ('AlexanderLamb','producer');
INSERT INTO authorities (username, authority) VALUES ('ZacharyLeonard','producer');
INSERT INTO authorities (username, authority) VALUES ('JerryMiranda','producer');
INSERT INTO authorities (username, authority) VALUES ('QuamarEllison','producer');
INSERT INTO authorities (username, authority) VALUES ('KirestinSantiago','producer');
INSERT INTO authorities (username, authority) VALUES ('BrettGuy','producer');
INSERT INTO authorities (username, authority) VALUES ('VenusMiles','producer');
INSERT INTO authorities (username, authority) VALUES ('DeannaWashington','producer');
INSERT INTO authorities (username, authority) VALUES ('MatthewSlater','producer');
INSERT INTO authorities (username, authority) VALUES ('ColtonDuffy','producer');
INSERT INTO authorities (username, authority) VALUES ('NissimBoyer','producer');
INSERT INTO authorities (username, authority) VALUES ('IllanaAvila','producer');
INSERT INTO authorities (username, authority) VALUES ('BuffyLynn','producer');
INSERT INTO authorities (username, authority) VALUES ('IdonaMerrill','producer');
INSERT INTO authorities (username, authority) VALUES ('MercedesDunn','producer');
INSERT INTO authorities (username, authority) VALUES ('ErichOwen','producer');
INSERT INTO authorities (username, authority) VALUES ('LillithFrench','producer');
INSERT INTO authorities (username, authority) VALUES ('DanteCoffey','producer');
INSERT INTO authorities (username, authority) VALUES ('JermaineHahn','producer');
INSERT INTO authorities (username, authority) VALUES ('LinusDennis','producer');
INSERT INTO authorities (username, authority) VALUES ('IfeomaMiles','producer');
INSERT INTO authorities (username, authority) VALUES ('EleanorCrane','producer');
INSERT INTO authorities (username, authority) VALUES ('DesiraeBuchanan','producer');
INSERT INTO authorities (username, authority) VALUES ('RudyardDiaz','producer');

--authorities writers----------------------------------------------------------------------------
INSERT INTO authorities (username, authority) VALUES ('GradyManning','writer');
INSERT INTO authorities (username, authority) VALUES ('KyleConway','writer');
INSERT INTO authorities (username, authority) VALUES ('MelyssaMedina','writer');
INSERT INTO authorities (username, authority) VALUES ('IvoryGibbs','writer');
INSERT INTO authorities (username, authority) VALUES ('GradyVincent','writer');
INSERT INTO authorities (username, authority) VALUES ('BrodyDavidson','writer');
INSERT INTO authorities (username, authority) VALUES ('WyomingSilva','writer');
INSERT INTO authorities (username, authority) VALUES ('JoanGaines','writer');
INSERT INTO authorities (username, authority) VALUES ('NatalieRowland','writer');
INSERT INTO authorities (username, authority) VALUES ('KellyLeon','writer');
INSERT INTO authorities (username, authority) VALUES ('IlianaEllis','writer');
INSERT INTO authorities (username, authority) VALUES ('OlgaLindsey','writer');
INSERT INTO authorities (username, authority) VALUES ('ElvisCastillo','writer');
INSERT INTO authorities (username, authority) VALUES ('VeraAtkinson','writer');
INSERT INTO authorities (username, authority) VALUES ('RanaRush','writer');
INSERT INTO authorities (username, authority) VALUES ('AlanaBartlett','writer');
INSERT INTO authorities (username, authority) VALUES ('NaomiMcgowan','writer');
INSERT INTO authorities (username, authority) VALUES ('HeidiMathews','writer');
INSERT INTO authorities (username, authority) VALUES ('LewisRandolph','writer');
INSERT INTO authorities (username, authority) VALUES ('StewartMarquez','writer');
INSERT INTO authorities (username, authority) VALUES ('MiriamKeller','writer');
INSERT INTO authorities (username, authority) VALUES ('FrancesSalazar','writer');
INSERT INTO authorities (username, authority) VALUES ('MosesBarrera','writer');
INSERT INTO authorities (username, authority) VALUES ('PerryBarton','writer');
INSERT INTO authorities (username, authority) VALUES ('GuinevereHorn','writer');
INSERT INTO authorities (username, authority) VALUES ('JonasJensen','writer');
INSERT INTO authorities (username, authority) VALUES ('JacksonBeck','writer');
INSERT INTO authorities (username, authority) VALUES ('QuinCollier','writer');
INSERT INTO authorities (username, authority) VALUES ('ShannonBuckner','writer');
INSERT INTO authorities (username, authority) VALUES ('AlfredaPhillips','writer');
INSERT INTO authorities (username, authority) VALUES ('IlianaDillard','writer');
INSERT INTO authorities (username, authority) VALUES ('BrynnePatton','writer');
INSERT INTO authorities (username, authority) VALUES ('JenniferBaird','writer');
INSERT INTO authorities (username, authority) VALUES ('DariaSheppard','writer');
INSERT INTO authorities (username, authority) VALUES ('ScarletHamilton','writer');
INSERT INTO authorities (username, authority) VALUES ('KaneBurch','writer');
INSERT INTO authorities (username, authority) VALUES ('SybillWilliamson','writer');
INSERT INTO authorities (username, authority) VALUES ('HedwigCarey','writer');
INSERT INTO authorities (username, authority) VALUES ('JosephineWoodard','writer');
INSERT INTO authorities (username, authority) VALUES ('AlecHill','writer');

--STORIES----------------------------------------------------------------------------
INSERT INTO stories (version, title, body, genre, storylength, is_sponsored,photo) VALUES (0,'The Fault in Our Stars','En esta historia el protagonista decide abandonar su hogar y explorar el mundo','ACCION',1000, true,'https://espaciolibros.com//wp-content/uploads/2014/01/la-novela-y-su-definicion-600x536.jpg');
INSERT INTO stories (version, title, body, genre, storylength, is_sponsored,photo) VALUES (0,'Gone Girl','En esta historia el protagonista decide abandonar su hogar y explorar el mundo','ACCION',1000, true,'https://espaciolibros.com//wp-content/uploads/2014/01/la-novela-y-su-definicion-600x536.jpg');
INSERT INTO stories (version, title, body, genre, storylength, is_sponsored,photo) VALUES (0,'City of Lost Souls','En esta historia el protagonista decide abandonar su hogar y explorar el mundo','ACCION',1000, true,'https://espaciolibros.com//wp-content/uploads/2014/01/la-novela-y-su-definicion-600x536.jpg');
INSERT INTO stories (version, title, body, genre, storylength, is_sponsored,photo) VALUES (0,'Pandemonium','En esta historia el protagonista decide abandonar su hogar y explorar el mundo','ACCION',1000, true,'https://espaciolibros.com//wp-content/uploads/2014/01/la-novela-y-su-definicion-600x536.jpg');
INSERT INTO stories (version, title, body, genre, storylength, is_sponsored,photo) VALUES (0,'Cinder','En esta historia el protagonista decide abandonar su hogar y explorar el mundo','CIENCIA_FICCION',1000, true,'https://espaciolibros.com//wp-content/uploads/2014/01/la-novela-y-su-definicion-600x536.jpg');
INSERT INTO stories (version, title, body, genre, storylength,photo) VALUES (0,'Easy','En esta historia el protagonista decide abandonar su hogar y explorar el mundo','CIENCIA_FICCION',1000,'https://espaciolibros.com//wp-content/uploads/2014/01/la-novela-y-su-definicion-600x536.jpg');
INSERT INTO stories (version, title, body, genre, storylength,photo) VALUES (0,'The Golden Lily','En esta historia el protagonista decide abandonar su hogar y explorar el mundo','CIENCIA_FICCION',1000,'https://espaciolibros.com//wp-content/uploads/2014/01/la-novela-y-su-definicion-600x536.jpg');
INSERT INTO stories (version, title, body, genre, storylength,photo) VALUES (0,'Slammed','En esta historia el protagonista decide abandonar su hogar y explorar el mundo','CIENCIA_FICCION',1000,'https://espaciolibros.com//wp-content/uploads/2014/01/la-novela-y-su-definicion-600x536.jpg');
INSERT INTO stories (version, title, body, genre, storylength,photo) VALUES (0,'The Selection','En esta historia el protagonista decide abandonar su hogar y explorar el mundo','TERROR',1000,'https://espaciolibros.com//wp-content/uploads/2014/01/la-novela-y-su-definicion-600x536.jpg');
INSERT INTO stories (version, title, body, genre, storylength,photo) VALUES (0,'Wonder','En esta historia el protagonista decide abandonar su hogar y explorar el mundo','TERROR',1000,'https://espaciolibros.com//wp-content/uploads/2014/01/la-novela-y-su-definicion-600x536.jpg');
INSERT INTO stories (version, title, body, genre, storylength,photo) VALUES (0,'Bared to You','En esta historia el protagonista decide abandonar su hogar y explorar el mundo','TERROR',1000,'https://espaciolibros.com//wp-content/uploads/2014/01/la-novela-y-su-definicion-600x536.jpg');
INSERT INTO stories (version, title, body, genre, storylength,photo) VALUES (0,'Third Grave Dead Ahead','En esta historia el protagonista decide abandonar su hogar y explorar el mundo','TERROR',1000,'https://espaciolibros.com//wp-content/uploads/2014/01/la-novela-y-su-definicion-600x536.jpg');
INSERT INTO stories (version, title, body, genre, storylength,photo) VALUES (0,'Lover Reborn','En esta historia el protagonista decide abandonar su hogar y explorar el mundo','PSICOLOGICO',1000,'https://espaciolibros.com//wp-content/uploads/2014/01/la-novela-y-su-definicion-600x536.jpg');
INSERT INTO stories (version, title, body, genre, storylength,photo) VALUES (0,'Under the Never Sky','En esta historia el protagonista decide abandonar su hogar y explorar el mundo','PSICOLOGICO',1000,'https://espaciolibros.com//wp-content/uploads/2014/01/la-novela-y-su-definicion-600x536.jpg');
INSERT INTO stories (version, title, body, genre, storylength,photo) VALUES (0,'Point of Retreat','En esta historia el protagonista decide abandonar su hogar y explorar el mundo','PSICOLOGICO',1000,'https://espaciolibros.com//wp-content/uploads/2014/01/la-novela-y-su-definicion-600x536.jpg');
INSERT INTO stories (version, title, body, genre, storylength,photo) VALUES (0,'Defending Jacob','En esta historia el protagonista decide abandonar su hogar y explorar el mundo','PSICOLOGICO',1000,'https://espaciolibros.com//wp-content/uploads/2014/01/la-novela-y-su-definicion-600x536.jpg');
INSERT INTO stories (version, title, body, genre, storylength,photo) VALUES (0,'Fourth Grave Beneath My Feet','En esta historia el protagonista decide abandonar su hogar y explorar el mundo','HUMORISTICO',1000,'https://espaciolibros.com//wp-content/uploads/2014/01/la-novela-y-su-definicion-600x536.jpg');
INSERT INTO stories (version, title, body, genre, storylength,photo) VALUES (0,'Shadow of Night','En esta historia el protagonista decide abandonar su hogar y explorar el mundo','HUMORISTICO',1000,'https://espaciolibros.com//wp-content/uploads/2014/01/la-novela-y-su-definicion-600x536.jpg');
INSERT INTO stories (version, title, body, genre, storylength,photo) VALUES (0,'Hallowed','En esta historia el protagonista decide abandonar su hogar y explorar el mundo','HUMORISTICO',1000,'https://espaciolibros.com//wp-content/uploads/2014/01/la-novela-y-su-definicion-600x536.jpg');
INSERT INTO stories (version, title, body, genre, storylength,photo) VALUES (0,'The Serpents Shadow','En esta historia el protagonista decide abandonar su hogar y explorar el mundo','HUMORISTICO',1000,'https://espaciolibros.com//wp-content/uploads/2014/01/la-novela-y-su-definicion-600x536.jpg');
INSERT INTO stories (version, title, body, genre, storylength,photo) VALUES (0,'Rapture','En esta historia el protagonista decide abandonar su hogar y explorar el mundo','FICCION',1000,'https://espaciolibros.com//wp-content/uploads/2014/01/la-novela-y-su-definicion-600x536.jpg');
INSERT INTO stories (version, title, body, genre, storylength,photo) VALUES (0,'The Immortal Rules','En esta historia el protagonista decide abandonar su hogar y explorar el mundo','FICCION',1000,'https://espaciolibros.com//wp-content/uploads/2014/01/la-novela-y-su-definicion-600x536.jpg');
INSERT INTO stories (version, title, body, genre, storylength,photo) VALUES (0,'On Dublin Street','En esta historia el protagonista decide abandonar su hogar y explorar el mundo','FICCION',1000,'https://espaciolibros.com//wp-content/uploads/2014/01/la-novela-y-su-definicion-600x536.jpg');
INSERT INTO stories (version, title, body, genre, storylength,photo) VALUES (0,'Bitterblue','En esta historia el protagonista decide abandonar su hogar y explorar el mundo','FICCION',1000,'https://espaciolibros.com//wp-content/uploads/2014/01/la-novela-y-su-definicion-600x536.jpg');
INSERT INTO stories (version, title, body, genre, storylength,photo) VALUES (0,'Spell Bound','En esta historia el protagonista decide abandonar su hogar y explorar el mundo','FICCION',1000,'https://espaciolibros.com//wp-content/uploads/2014/01/la-novela-y-su-definicion-600x536.jpg');

--REL_STORY_WRITERS----------------------------------------------------------------------------
INSERT INTO rel_story_writers (story_id, writer_id) VALUES (1,1);
INSERT INTO rel_story_writers (story_id, writer_id) VALUES (2,2);
INSERT INTO rel_story_writers (story_id, writer_id) VALUES (3,3);
INSERT INTO rel_story_writers (story_id, writer_id) VALUES (4,4);
INSERT INTO rel_story_writers (story_id, writer_id) VALUES (5,5);
INSERT INTO rel_story_writers (story_id, writer_id) VALUES (6,6);
INSERT INTO rel_story_writers (story_id, writer_id) VALUES (7,7);
INSERT INTO rel_story_writers (story_id, writer_id) VALUES (8,8);
INSERT INTO rel_story_writers (story_id, writer_id) VALUES (9,9);
INSERT INTO rel_story_writers (story_id, writer_id) VALUES (10,10);
INSERT INTO rel_story_writers (story_id, writer_id) VALUES (11,11);
INSERT INTO rel_story_writers (story_id, writer_id) VALUES (12,12);
INSERT INTO rel_story_writers (story_id, writer_id) VALUES (13,13);
INSERT INTO rel_story_writers (story_id, writer_id) VALUES (14,14);
INSERT INTO rel_story_writers (story_id, writer_id) VALUES (15,15);
INSERT INTO rel_story_writers (story_id, writer_id) VALUES (16,16);
INSERT INTO rel_story_writers (story_id, writer_id) VALUES (17,17);
INSERT INTO rel_story_writers (story_id, writer_id) VALUES (18,18);
INSERT INTO rel_story_writers (story_id, writer_id) VALUES (19,19);
INSERT INTO rel_story_writers (story_id, writer_id) VALUES (20,20);
INSERT INTO rel_story_writers (story_id, writer_id) VALUES (21,21);
INSERT INTO rel_story_writers (story_id, writer_id) VALUES (22,22);
INSERT INTO rel_story_writers (story_id, writer_id) VALUES (23,23);
INSERT INTO rel_story_writers (story_id, writer_id) VALUES (24,24);
INSERT INTO rel_story_writers (story_id, writer_id) VALUES (25,25);

--PROJECTS----------------------------------------------------------------------------
INSERT INTO projects (version,title, genre, description, pro, photo,my_admin,is_sponsored) VALUES (0,'Producciones Sevilla','ACCION','Creando contenido desde hace 17 años, buscamos nuevos miembros',true,'https://media.istockphoto.com/vectors/project-management-icon-flat-design-vector-id585291474?b=1&k=6&m=585291474&s=170667a&w=0&h=PsqYKLdR6SBC4bmLmhPCx3vvzvHiaKlR15FgyPNVQaE=','JarrodHuffman',true);
INSERT INTO projects (version,title, genre, description, pro, photo,my_admin,is_sponsored) VALUES (0,'Producciones Barcelona','CIENCIA_FICCION','Creando contenido desde hace 17 años, buscamos nuevos miembros',false,'https://media.istockphoto.com/vectors/project-management-icon-flat-design-vector-id585291474?b=1&k=6&m=585291474&s=170667a&w=0&h=PsqYKLdR6SBC4bmLmhPCx3vvzvHiaKlR15FgyPNVQaE=','DeniseMills',true);
INSERT INTO projects (version,title, genre, description, pro, photo,my_admin) VALUES (0,'Producciones Brasil','FICCION','Creando contenido desde hace 17 años, buscamos nuevos miembros',true,'https://media.istockphoto.com/vectors/project-management-icon-flat-design-vector-id585291474?b=1&k=6&m=585291474&s=170667a&w=0&h=PsqYKLdR6SBC4bmLmhPCx3vvzvHiaKlR15FgyPNVQaE=','WinterCastro');
INSERT INTO projects (version,title, genre, description, pro, photo,my_admin) VALUES (0,'Producciones Portugal','TERROR','Creando contenido desde hace 17 años, buscamos nuevos miembros',false,'https://media.istockphoto.com/vectors/project-management-icon-flat-design-vector-id585291474?b=1&k=6&m=585291474&s=170667a&w=0&h=PsqYKLdR6SBC4bmLmhPCx3vvzvHiaKlR15FgyPNVQaE=','RudyardRogers');
INSERT INTO projects (version,title, genre, description, pro, photo,my_admin) VALUES (0,'Sartemix','TERROR','Creando contenido desde hace 17 años, buscamos nuevos miembros',false,'https://media.istockphoto.com/vectors/project-management-icon-flat-design-vector-id585291474?b=1&k=6&m=585291474&s=170667a&w=0&h=PsqYKLdR6SBC4bmLmhPCx3vvzvHiaKlR15FgyPNVQaE=','JarrodHuffman');
INSERT INTO projects (version,title, genre, description, pro, photo,my_admin) VALUES (0,'Entretenimientos Ronan','PSICOLOGICO','Solo se aceptan profesionales del sector, preferiblemente de este genero de peliculas',true,'https://media.istockphoto.com/vectors/project-management-icon-flat-design-vector-id585291474?b=1&k=6&m=585291474&s=170667a&w=0&h=PsqYKLdR6SBC4bmLmhPCx3vvzvHiaKlR15FgyPNVQaE=','GrayChurch');
INSERT INTO projects (version,title, genre, description, pro, photo,my_admin) VALUES (0,'Proyecto de 4 personas','HUMORISTICO','Buscando pasarlo bien creando contenido en un ambiente agradable',false,'https://media.istockphoto.com/vectors/project-management-icon-flat-design-vector-id585291474?b=1&k=6&m=585291474&s=170667a&w=0&h=PsqYKLdR6SBC4bmLmhPCx3vvzvHiaKlR15FgyPNVQaE=','JoyVillarreal');

--REL_PROJECTS_ARTISTS----------------------------------------------------------------------------
INSERT INTO rel_projects_artists (project_id, artist_id) VALUES (1,1);
INSERT INTO rel_projects_artists (project_id, artist_id) VALUES (1,2);
INSERT INTO rel_projects_artists (project_id, artist_id) VALUES (1,3);
INSERT INTO rel_projects_artists (project_id, artist_id) VALUES (1,4);
INSERT INTO rel_projects_artists (project_id, artist_id) VALUES (1,5);
INSERT INTO rel_projects_artists (project_id, artist_id) VALUES (2,6);
INSERT INTO rel_projects_artists (project_id, artist_id) VALUES (2,7);
INSERT INTO rel_projects_artists (project_id, artist_id) VALUES (2,8);
INSERT INTO rel_projects_artists (project_id, artist_id) VALUES (2,9);
INSERT INTO rel_projects_artists (project_id, artist_id) VALUES (2,10);
INSERT INTO rel_projects_artists (project_id, artist_id) VALUES (3,11);
INSERT INTO rel_projects_artists (project_id, artist_id) VALUES (3,12);
INSERT INTO rel_projects_artists (project_id, artist_id) VALUES (3,13);
INSERT INTO rel_projects_artists (project_id, artist_id) VALUES (3,14);
INSERT INTO rel_projects_artists (project_id, artist_id) VALUES (3,15);
INSERT INTO rel_projects_artists (project_id, artist_id) VALUES (4,16);
INSERT INTO rel_projects_artists (project_id, artist_id) VALUES (4,17);
INSERT INTO rel_projects_artists (project_id, artist_id) VALUES (4,18);
INSERT INTO rel_projects_artists (project_id, artist_id) VALUES (4,19);
INSERT INTO rel_projects_artists (project_id, artist_id) VALUES (4,20);
INSERT INTO rel_projects_artists (project_id, artist_id) VALUES (5,1);
INSERT INTO rel_projects_artists (project_id, artist_id) VALUES (5,2);
INSERT INTO rel_projects_artists (project_id, artist_id) VALUES (5,3);
INSERT INTO rel_projects_artists (project_id, artist_id) VALUES (6,4);
INSERT INTO rel_projects_artists (project_id, artist_id) VALUES (6,5);
INSERT INTO rel_projects_artists (project_id, artist_id) VALUES (6,6);
INSERT INTO rel_projects_artists (project_id, artist_id) VALUES (7,7);
INSERT INTO rel_projects_artists (project_id, artist_id) VALUES (7,8);
INSERT INTO rel_projects_artists (project_id, artist_id) VALUES (7,9);
INSERT INTO rel_projects_artists (project_id, artist_id) VALUES (7,10);

--REL_PROJECTS_PRODUCERS----------------------------------------------------------------------------
INSERT INTO rel_projects_producers (project_id, producer_id) VALUES (1,1);
INSERT INTO rel_projects_producers (project_id, producer_id) VALUES (1,2);
INSERT INTO rel_projects_producers (project_id, producer_id) VALUES (1,3);
INSERT INTO rel_projects_producers (project_id, producer_id) VALUES (1,4);
INSERT INTO rel_projects_producers (project_id, producer_id) VALUES (1,5);
INSERT INTO rel_projects_producers (project_id, producer_id) VALUES (2,6);
INSERT INTO rel_projects_producers (project_id, producer_id) VALUES (2,7);
INSERT INTO rel_projects_producers (project_id, producer_id) VALUES (2,8);
INSERT INTO rel_projects_producers (project_id, producer_id) VALUES (2,9);
INSERT INTO rel_projects_producers (project_id, producer_id) VALUES (2,10);
INSERT INTO rel_projects_producers (project_id, producer_id) VALUES (3,11);
INSERT INTO rel_projects_producers (project_id, producer_id) VALUES (3,12);
INSERT INTO rel_projects_producers (project_id, producer_id) VALUES (3,13);
INSERT INTO rel_projects_producers (project_id, producer_id) VALUES (3,14);
INSERT INTO rel_projects_producers (project_id, producer_id) VALUES (3,15);
INSERT INTO rel_projects_producers (project_id, producer_id) VALUES (4,16);
INSERT INTO rel_projects_producers (project_id, producer_id) VALUES (4,17);
INSERT INTO rel_projects_producers (project_id, producer_id) VALUES (4,18);
INSERT INTO rel_projects_producers (project_id, producer_id) VALUES (4,19);
INSERT INTO rel_projects_producers (project_id, producer_id) VALUES (4,20);
INSERT INTO rel_projects_producers (project_id, producer_id) VALUES (5,1);
INSERT INTO rel_projects_producers (project_id, producer_id) VALUES (5,2);
INSERT INTO rel_projects_producers (project_id, producer_id) VALUES (5,3);
INSERT INTO rel_projects_producers (project_id, producer_id) VALUES (6,4);
INSERT INTO rel_projects_producers (project_id, producer_id) VALUES (6,5);
INSERT INTO rel_projects_producers (project_id, producer_id) VALUES (6,6);
INSERT INTO rel_projects_producers (project_id, producer_id) VALUES (7,7);
INSERT INTO rel_projects_producers (project_id, producer_id) VALUES (7,8);
INSERT INTO rel_projects_producers (project_id, producer_id) VALUES (7,9);
INSERT INTO rel_projects_producers (project_id, producer_id) VALUES (7,10);

--REL_PROJECTS_STORIES----------------------------------------------------------------------------
INSERT INTO rel_projects_story (project_id, story_id) VALUES (1,1);
INSERT INTO rel_projects_story (project_id, story_id) VALUES (2,1);
INSERT INTO rel_projects_story (project_id, story_id) VALUES (3,1);
INSERT INTO rel_projects_story (project_id, story_id) VALUES (4,1);
INSERT INTO rel_projects_story (project_id, story_id) VALUES (5,1);

--MESSAGES----------------------------------------------------------------------------
INSERT INTO messages (version,issue, body, messagedate, emisor_id, receptor_id,is_request) VALUES (0,'Saludos','Hey, que tal por la pagina?',TO_DATE('2021/04/10', 'YYYY/MM/DD'),'JarrodHuffman','RossSimpson',false);
INSERT INTO messages (version,issue, body, messagedate, emisor_id, receptor_id,is_request) VALUES (0,'Saludos','Muy bien, y tu?',TO_DATE('2021/04/10', 'YYYY/MM/DD'),'RossSimpson','JarrodHuffman',false);
INSERT INTO messages (version,issue, body, messagedate, emisor_id, receptor_id,is_request) VALUES (0,'Saludos','Hey, que tal por la pagina?',TO_DATE('2021/04/10', 'YYYY/MM/DD'),'GrayChurch','RonanMoss',false);
INSERT INTO messages (version,issue, body, messagedate, emisor_id, receptor_id,is_request) VALUES (0,'Saludos','Muy bien, y tu?',TO_DATE('2021/04/10', 'YYYY/MM/DD'),'RonanMoss','GrayChurch',false);
INSERT INTO messages (version,issue, body, messagedate, emisor_id, receptor_id,is_request) VALUES (0,'Saludos','Hey, que tal por la pagina?',TO_DATE('2021/04/10', 'YYYY/MM/DD'),'DeniseMills','JoyVillarreal',false);
INSERT INTO messages (version,issue, body, messagedate, emisor_id, receptor_id,is_request) VALUES (0,'Saludos','Muy bien, y tu?',TO_DATE('2021/04/10', 'YYYY/MM/DD'),'JoyVillarreal','DeniseMills',false);
INSERT INTO messages (version,issue, body, messagedate, emisor_id, receptor_id,is_request) VALUES (0,'Saludos','Hey, que tal por la pagina?',TO_DATE('2021/04/10', 'YYYY/MM/DD'),'AshelyGuzman','TatyanaAvila',false);
INSERT INTO messages (version,issue, body, messagedate, emisor_id, receptor_id,is_request) VALUES (0,'Saludos','Muy bien, y tu?',TO_DATE('2021/04/10', 'YYYY/MM/DD'),'TatyanaAvila','AshelyGuzman',false);
INSERT INTO messages (version,issue, body, messagedate, emisor_id, receptor_id,is_request) VALUES (0,'Saludos','Hey, que tal por la pagina?',TO_DATE('2021/04/10', 'YYYY/MM/DD'),'GlennaWheeler','WinterCastro',false);
INSERT INTO messages (version,issue, body, messagedate, emisor_id, receptor_id,is_request) VALUES (0,'Saludos','Muy bien, y tu?',TO_DATE('2021/04/10', 'YYYY/MM/DD'),'WinterCastro','GlennaWheeler',false);
INSERT INTO messages (version,issue, body, messagedate, emisor_id, receptor_id,is_request) VALUES (0,'Saludos','Hey, que tal por la pagina?',TO_DATE('2021/04/10', 'YYYY/MM/DD'),'AquilaRodriquez','OraBoyle',false);
INSERT INTO messages (version,issue, body, messagedate, emisor_id, receptor_id,is_request) VALUES (0,'Saludos','Muy bien, y tu?',TO_DATE('2021/04/10', 'YYYY/MM/DD'),'OraBoyle','AquilaRodriquez',false);
INSERT INTO messages (version,issue, body, messagedate, emisor_id, receptor_id,is_request) VALUES (0,'Saludos','Hey, que tal por la pagina?',TO_DATE('2021/04/10', 'YYYY/MM/DD'),'HedyTate','WyattHogan',false);
INSERT INTO messages (version,issue, body, messagedate, emisor_id, receptor_id,is_request) VALUES (0,'Saludos','Muy bien, y tu?',TO_DATE('2021/04/10', 'YYYY/MM/DD'),'WyattHogan','HedyTate',false);
INSERT INTO messages (version,issue, body, messagedate, emisor_id, receptor_id,is_request) VALUES (0,'Saludos','Hey, que tal por la pagina?',TO_DATE('2021/04/10', 'YYYY/MM/DD'),'RudyardRogers','HunterMcfarland',false);
INSERT INTO messages (version,issue, body, messagedate, emisor_id, receptor_id,is_request) VALUES (0,'Saludos','Muy bien, y tu?',TO_DATE('2021/04/10', 'YYYY/MM/DD'),'HunterMcfarland','RudyardRogers',false);
INSERT INTO messages (version,issue, body, messagedate, emisor_id, receptor_id,is_request) VALUES (0,'Saludos','Hey, que tal por la pagina?',TO_DATE('2021/04/10', 'YYYY/MM/DD'),'AmberWiley','MicahBurch',false);
INSERT INTO messages (version,issue, body, messagedate, emisor_id, receptor_id,is_request) VALUES (0,'Saludos','Muy bien, y tu?',TO_DATE('2021/04/10', 'YYYY/MM/DD'),'MicahBurch','AmberWiley',false);
INSERT INTO messages (version,issue, body, messagedate, emisor_id, receptor_id,is_request) VALUES (0,'Saludos','Hey, que tal por la pagina?',TO_DATE('2021/04/10', 'YYYY/MM/DD'),'JaredAvery','FrancisHolder',false);
INSERT INTO messages (version,issue, body, messagedate, emisor_id, receptor_id,is_request) VALUES (0,'Saludos','Muy bien, y tu?',TO_DATE('2021/04/10', 'YYYY/MM/DD'),'FrancisHolder','JaredAvery',false);
INSERT INTO messages (version,issue, body, messagedate, emisor_id, receptor_id,is_request) VALUES (0,'Saludos','Hey, que tal por la pagina?',TO_DATE('2021/04/10', 'YYYY/MM/DD'),'EmiLogan','LeeRobertson',false);
INSERT INTO messages (version,issue, body, messagedate, emisor_id, receptor_id,is_request) VALUES (0,'Saludos','Muy bien, y tu?',TO_DATE('2021/04/10', 'YYYY/MM/DD'),'LeeRobertson','EmiLogan',false);
INSERT INTO messages (version,issue, body, messagedate, emisor_id, receptor_id,is_request) VALUES (0,'Saludos','Hey, que tal por la pagina?',TO_DATE('2021/04/10', 'YYYY/MM/DD'),'FlorenceCooper','HayesBenton',false);
INSERT INTO messages (version,issue, body, messagedate, emisor_id, receptor_id,is_request) VALUES (0,'Saludos','Muy bien, y tu?',TO_DATE('2021/04/10', 'YYYY/MM/DD'),'HayesBenton','FlorenceCooper',false);
INSERT INTO messages (version,issue, body, messagedate, emisor_id, receptor_id,is_request) VALUES (0,'Saludos','Hey, que tal por la pagina?',TO_DATE('2021/04/10', 'YYYY/MM/DD'),'MarciaCollier','VannaHarding',false);
INSERT INTO messages (version,issue, body, messagedate, emisor_id, receptor_id,is_request) VALUES (0,'Saludos','Muy bien, y tu?',TO_DATE('2021/04/10', 'YYYY/MM/DD'),'VannaHarding','MarciaCollier',false);
INSERT INTO messages (version,issue, body, messagedate, emisor_id, receptor_id,is_request) VALUES (0,'Saludos','Hey, que tal por la pagina?',TO_DATE('2021/04/10', 'YYYY/MM/DD'),'XylaLamb','VeronicaDuran',false);
INSERT INTO messages (version,issue, body, messagedate, emisor_id, receptor_id,is_request) VALUES (0,'Saludos','Muy bien, y tu?',TO_DATE('2021/04/10', 'YYYY/MM/DD'),'VeronicaDuran','XylaLamb',false);
INSERT INTO messages (version,issue, body, messagedate, emisor_id, receptor_id,is_request) VALUES (0,'Saludos','Hey, que tal por la pagina?',TO_DATE('2021/04/10', 'YYYY/MM/DD'),'LawrenceHolland','RhonaKing',false);
INSERT INTO messages (version,issue, body, messagedate, emisor_id, receptor_id,is_request) VALUES (0,'Saludos','Muy bien, y tu?',TO_DATE('2021/04/10', 'YYYY/MM/DD'),'RhonaKing','LawrenceHolland',false);
INSERT INTO messages (version,issue, body, messagedate, emisor_id, receptor_id,is_request) VALUES (0,'Saludos','Hey, que tal por la pagina?',TO_DATE('2021/04/10', 'YYYY/MM/DD'),'XenaDalton','BarclayGoodman',false);
INSERT INTO messages (version,issue, body, messagedate, emisor_id, receptor_id,is_request) VALUES (0,'Saludos','Muy bien, y tu?',TO_DATE('2021/04/10', 'YYYY/MM/DD'),'BarclayGoodman','XenaDalton',false);
INSERT INTO messages (version,issue, body, messagedate, emisor_id, receptor_id,is_request) VALUES (0,'Saludos','Hey, que tal por la pagina?',TO_DATE('2021/04/10', 'YYYY/MM/DD'),'UrsulaHenderson','ReeseRoberts',false);
INSERT INTO messages (version,issue, body, messagedate, emisor_id, receptor_id,is_request) VALUES (0,'Saludos','Muy bien, y tu?',TO_DATE('2021/04/10', 'YYYY/MM/DD'),'ReeseRoberts','UrsulaHenderson',false);
INSERT INTO messages (version,issue, body, messagedate, emisor_id, receptor_id,is_request) VALUES (0,'Saludos','Hey, que tal por la pagina?',TO_DATE('2021/04/10', 'YYYY/MM/DD'),'DerekRiddle','CameronOlson',false);
INSERT INTO messages (version,issue, body, messagedate, emisor_id, receptor_id,is_request) VALUES (0,'Saludos','Muy bien, y tu?',TO_DATE('2021/04/10', 'YYYY/MM/DD'),'CameronOlson','DerekRiddle',false);
INSERT INTO messages (version,issue, body, messagedate, emisor_id, receptor_id,is_request) VALUES (0,'Saludos','Hey, que tal por la pagina?',TO_DATE('2021/04/10', 'YYYY/MM/DD'),'AlexanderLamb','ZacharyLeonard',false);
INSERT INTO messages (version,issue, body, messagedate, emisor_id, receptor_id,is_request) VALUES (0,'Saludos','Muy bien, y tu?',TO_DATE('2021/04/10', 'YYYY/MM/DD'),'ZacharyLeonard','AlexanderLamb',false);
INSERT INTO messages (version,issue, body, messagedate, emisor_id, receptor_id,is_request) VALUES (0,'Saludos','Hey, que tal por la pagina?',TO_DATE('2021/04/10', 'YYYY/MM/DD'),'JerryMiranda','QuamarEllison',false);
INSERT INTO messages (version,issue, body, messagedate, emisor_id, receptor_id,is_request) VALUES (0,'Saludos','Muy bien, y tu?',TO_DATE('2021/04/10', 'YYYY/MM/DD'),'QuamarEllison','JerryMiranda',false);
INSERT INTO messages (version,issue, body, messagedate, emisor_id, receptor_id,is_request) VALUES (0,'Saludos','Hey, que tal por la pagina?',TO_DATE('2021/04/10', 'YYYY/MM/DD'),'KirestinSantiago','BrettGuy',false);
INSERT INTO messages (version,issue, body, messagedate, emisor_id, receptor_id,is_request) VALUES (0,'Saludos','Muy bien, y tu?',TO_DATE('2021/04/10', 'YYYY/MM/DD'),'BrettGuy','KirestinSantiago',false);
INSERT INTO messages (version,issue, body, messagedate, emisor_id, receptor_id,is_request) VALUES (0,'Saludos','Hey, que tal por la pagina?',TO_DATE('2021/04/10', 'YYYY/MM/DD'),'VenusMiles','DeannaWashington',false);
INSERT INTO messages (version,issue, body, messagedate, emisor_id, receptor_id,is_request) VALUES (0,'Saludos','Muy bien, y tu?',TO_DATE('2021/04/10', 'YYYY/MM/DD'),'DeannaWashington','VenusMiles',false);
INSERT INTO messages (version,issue, body, messagedate, emisor_id, receptor_id,is_request) VALUES (0,'Saludos','Hey, que tal por la pagina?',TO_DATE('2021/04/10', 'YYYY/MM/DD'),'MatthewSlater','ColtonDuffy',false);
INSERT INTO messages (version,issue, body, messagedate, emisor_id, receptor_id,is_request) VALUES (0,'Saludos','Muy bien, y tu?',TO_DATE('2021/04/10', 'YYYY/MM/DD'),'ColtonDuffy','MatthewSlater',false);
INSERT INTO messages (version,issue, body, messagedate, emisor_id, receptor_id,is_request) VALUES (0,'Saludos','Hey, que tal por la pagina?',TO_DATE('2021/04/10', 'YYYY/MM/DD'),'NissimBoyer','IllanaAvila',false);
INSERT INTO messages (version,issue, body, messagedate, emisor_id, receptor_id,is_request) VALUES (0,'Saludos','Muy bien, y tu?',TO_DATE('2021/04/10', 'YYYY/MM/DD'),'IllanaAvila','NissimBoyer',false);
INSERT INTO messages (version,issue, body, messagedate, emisor_id, receptor_id,is_request) VALUES (0,'Saludos','Hey, que tal por la pagina?',TO_DATE('2021/04/10', 'YYYY/MM/DD'),'BuffyLynn','IdonaMerrill',false);
INSERT INTO messages (version,issue, body, messagedate, emisor_id, receptor_id,is_request) VALUES (0,'Saludos','Muy bien, y tu?',TO_DATE('2021/04/10', 'YYYY/MM/DD'),'IdonaMerrill','BuffyLynn',false);
INSERT INTO messages (version,issue, body, messagedate, emisor_id, receptor_id,is_request) VALUES (0,'Saludos','Hey, que tal por la pagina?',TO_DATE('2021/04/10', 'YYYY/MM/DD'),'MercedesDunn','ErichOwen',false);
INSERT INTO messages (version,issue, body, messagedate, emisor_id, receptor_id,is_request) VALUES (0,'Saludos','Muy bien, y tu?',TO_DATE('2021/04/10', 'YYYY/MM/DD'),'ErichOwen','MercedesDunn',false);
INSERT INTO messages (version,issue, body, messagedate, emisor_id, receptor_id,is_request) VALUES (0,'Saludos','Hey, que tal por la pagina?',TO_DATE('2021/04/10', 'YYYY/MM/DD'),'LillithFrench','DanteCoffey',false);
INSERT INTO messages (version,issue, body, messagedate, emisor_id, receptor_id,is_request) VALUES (0,'Saludos','Muy bien, y tu?',TO_DATE('2021/04/10', 'YYYY/MM/DD'),'DanteCoffey','LillithFrench',false);
INSERT INTO messages (version,issue, body, messagedate, emisor_id, receptor_id,is_request) VALUES (0,'Saludos','Hey, que tal por la pagina?',TO_DATE('2021/04/10', 'YYYY/MM/DD'),'JermaineHahn','LinusDennis',false);
INSERT INTO messages (version,issue, body, messagedate, emisor_id, receptor_id,is_request) VALUES (0,'Saludos','Muy bien, y tu?',TO_DATE('2021/04/10', 'YYYY/MM/DD'),'LinusDennis','JermaineHahn',false);
INSERT INTO messages (version,issue, body, messagedate, emisor_id, receptor_id,is_request) VALUES (0,'Saludos','Hey, que tal por la pagina?',TO_DATE('2021/04/10', 'YYYY/MM/DD'),'IfeomaMiles','EleanorCrane',false);
INSERT INTO messages (version,issue, body, messagedate, emisor_id, receptor_id,is_request) VALUES (0,'Saludos','Muy bien, y tu?',TO_DATE('2021/04/10', 'YYYY/MM/DD'),'EleanorCrane','IfeomaMiles',false);
INSERT INTO messages (version,issue, body, messagedate, emisor_id, receptor_id,is_request) VALUES (0,'Saludos','Hey, que tal por la pagina?',TO_DATE('2021/04/10', 'YYYY/MM/DD'),'DesiraeBuchanan','RudyardDiaz',false);
INSERT INTO messages (version,issue, body, messagedate, emisor_id, receptor_id,is_request) VALUES (0,'Saludos','Muy bien, y tu?',TO_DATE('2021/04/10', 'YYYY/MM/DD'),'RudyardDiaz','DesiraeBuchanan',false);
INSERT INTO messages (version,issue, body, messagedate, emisor_id, receptor_id,is_request) VALUES (0,'Saludos','Hey, que tal por la pagina?',TO_DATE('2021/04/10', 'YYYY/MM/DD'),'GradyManning','KyleConway',false);
INSERT INTO messages (version,issue, body, messagedate, emisor_id, receptor_id,is_request) VALUES (0,'Saludos','Muy bien, y tu?',TO_DATE('2021/04/10', 'YYYY/MM/DD'),'KyleConway','GradyManning',false);
INSERT INTO messages (version,issue, body, messagedate, emisor_id, receptor_id,is_request) VALUES (0,'Saludos','Hey, que tal por la pagina?',TO_DATE('2021/04/10', 'YYYY/MM/DD'),'artist','IvoryGibbs',false);
INSERT INTO messages (version,issue, body, messagedate, emisor_id, receptor_id,is_request) VALUES (0,'Saludos','Muy bien, y tu?',TO_DATE('2021/04/10', 'YYYY/MM/DD'),'IvoryGibbs','MelyssaMedina',false);
INSERT INTO messages (version,issue, body, messagedate, emisor_id, receptor_id,is_request) VALUES (0,'Saludos','Hey, que tal por la pagina?',TO_DATE('2021/04/10', 'YYYY/MM/DD'),'GradyVincent','BrodyDavidson',false);
INSERT INTO messages (version,issue, body, messagedate, emisor_id, receptor_id,is_request) VALUES (0,'Saludos','Muy bien, y tu?',TO_DATE('2021/04/10', 'YYYY/MM/DD'),'BrodyDavidson','GradyVincent',false);
INSERT INTO messages (version,issue, body, messagedate, emisor_id, receptor_id,is_request) VALUES (0,'Saludos','Hey, que tal por la pagina?',TO_DATE('2021/04/10', 'YYYY/MM/DD'),'WyomingSilva','artist',false);
INSERT INTO messages (version,issue, body, messagedate, emisor_id, receptor_id,is_request) VALUES (0,'Saludos','Muy bien, y tu?',TO_DATE('2021/04/10', 'YYYY/MM/DD'),'JoanGaines','WyomingSilva',false);
INSERT INTO messages (version,issue, body, messagedate, emisor_id, receptor_id,is_request) VALUES (0,'Saludos','Hey, que tal por la pagina?',TO_DATE('2021/04/10', 'YYYY/MM/DD'),'NatalieRowland','KellyLeon',false);
INSERT INTO messages (version,issue, body, messagedate, emisor_id, receptor_id,is_request) VALUES (0,'Saludos','Muy bien, y tu?',TO_DATE('2021/04/10', 'YYYY/MM/DD'),'KellyLeon','NatalieRowland',false);
INSERT INTO messages (version,issue, body, messagedate, emisor_id, receptor_id,is_request) VALUES (0,'Saludos','Hey, que tal por la pagina?',TO_DATE('2021/04/10', 'YYYY/MM/DD'),'IlianaEllis','OlgaLindsey',false);
INSERT INTO messages (version,issue, body, messagedate, emisor_id, receptor_id,is_request) VALUES (0,'Saludos','Muy bien, y tu?',TO_DATE('2021/04/10', 'YYYY/MM/DD'),'OlgaLindsey','IlianaEllis',false);
INSERT INTO messages (version,issue, body, messagedate, emisor_id, receptor_id,is_request) VALUES (0,'Saludos','Hey, que tal por la pagina?',TO_DATE('2021/04/10', 'YYYY/MM/DD'),'ElvisCastillo','VeraAtkinson',false);
INSERT INTO messages (version,issue, body, messagedate, emisor_id, receptor_id,is_request) VALUES (0,'Saludos','Muy bien, y tu?',TO_DATE('2021/04/10', 'YYYY/MM/DD'),'VeraAtkinson','ElvisCastillo',false);
INSERT INTO messages (version,issue, body, messagedate, emisor_id, receptor_id,is_request) VALUES (0,'Saludos','Hey, que tal por la pagina?',TO_DATE('2021/04/10', 'YYYY/MM/DD'),'RanaRush','AlanaBartlett',false);
INSERT INTO messages (version,issue, body, messagedate, emisor_id, receptor_id,is_request) VALUES (0,'Saludos','Muy bien, y tu?',TO_DATE('2021/04/10', 'YYYY/MM/DD'),'AlanaBartlett','RanaRush',false);
INSERT INTO messages (version,issue, body, messagedate, emisor_id, receptor_id,is_request) VALUES (0,'Saludos','Hey, que tal por la pagina?',TO_DATE('2021/04/10', 'YYYY/MM/DD'),'NaomiMcgowan','HeidiMathews',false);
INSERT INTO messages (version,issue, body, messagedate, emisor_id, receptor_id,is_request) VALUES (0,'Saludos','Muy bien, y tu?',TO_DATE('2021/04/10', 'YYYY/MM/DD'),'HeidiMathews','NaomiMcgowan',false);
INSERT INTO messages (version,issue, body, messagedate, emisor_id, receptor_id,is_request) VALUES (0,'Saludos','Hey, que tal por la pagina?',TO_DATE('2021/04/10', 'YYYY/MM/DD'),'LewisRandolph','StewartMarquez',false);
INSERT INTO messages (version,issue, body, messagedate, emisor_id, receptor_id,is_request) VALUES (0,'Saludos','Muy bien, y tu?',TO_DATE('2021/04/10', 'YYYY/MM/DD'),'StewartMarquez','LewisRandolph',false);
INSERT INTO messages (version,issue, body, messagedate, emisor_id, receptor_id,is_request) VALUES (0,'Saludos','Hey, que tal por la pagina?',TO_DATE('2021/04/10', 'YYYY/MM/DD'),'MiriamKeller','FrancesSalazar',false);
INSERT INTO messages (version,issue, body, messagedate, emisor_id, receptor_id,is_request) VALUES (0,'Saludos','Muy bien, y tu?',TO_DATE('2021/04/10', 'YYYY/MM/DD'),'FrancesSalazar','MiriamKeller',false);
INSERT INTO messages (version,issue, body, messagedate, emisor_id, receptor_id,is_request) VALUES (0,'Saludos','Hey, que tal por la pagina?',TO_DATE('2021/04/10', 'YYYY/MM/DD'),'MosesBarrera','PerryBarton',false);
INSERT INTO messages (version,issue, body, messagedate, emisor_id, receptor_id,is_request) VALUES (0,'Saludos','Muy bien, y tu?',TO_DATE('2021/04/10', 'YYYY/MM/DD'),'PerryBarton','MosesBarrera',false);
INSERT INTO messages (version,issue, body, messagedate, emisor_id, receptor_id,is_request) VALUES (0,'Saludos','Hey, que tal por la pagina?',TO_DATE('2021/04/10', 'YYYY/MM/DD'),'GuinevereHorn','JonasJensen',false);
INSERT INTO messages (version,issue, body, messagedate, emisor_id, receptor_id,is_request) VALUES (0,'Saludos','Muy bien, y tu?',TO_DATE('2021/04/10', 'YYYY/MM/DD'),'JonasJensen','GuinevereHorn',false);
INSERT INTO messages (version,issue, body, messagedate, emisor_id, receptor_id,is_request) VALUES (0,'Saludos','Hey, que tal por la pagina?',TO_DATE('2021/04/10', 'YYYY/MM/DD'),'JacksonBeck','QuinCollier',false);
INSERT INTO messages (version,issue, body, messagedate, emisor_id, receptor_id,is_request) VALUES (0,'Saludos','Muy bien, y tu?',TO_DATE('2021/04/10', 'YYYY/MM/DD'),'QuinCollier','JacksonBeck',false);
INSERT INTO messages (version,issue, body, messagedate, emisor_id, receptor_id,is_request) VALUES (0,'Saludos','Hey, que tal por la pagina?',TO_DATE('2021/04/10', 'YYYY/MM/DD'),'ShannonBuckner','AlfredaPhillips',false);
INSERT INTO messages (version,issue, body, messagedate, emisor_id, receptor_id,is_request) VALUES (0,'Saludos','Muy bien, y tu?',TO_DATE('2021/04/10', 'YYYY/MM/DD'),'AlfredaPhillips','ShannonBuckner',false);
INSERT INTO messages (version,issue, body, messagedate, emisor_id, receptor_id,is_request) VALUES (0,'Saludos','Hey, que tal por la pagina?',TO_DATE('2021/04/10', 'YYYY/MM/DD'),'IlianaDillard','BrynnePatton',false);
INSERT INTO messages (version,issue, body, messagedate, emisor_id, receptor_id,is_request) VALUES (0,'Saludos','Muy bien, y tu?',TO_DATE('2021/04/10', 'YYYY/MM/DD'),'BrynnePatton','IlianaDillard',false);
INSERT INTO messages (version,issue, body, messagedate, emisor_id, receptor_id,is_request) VALUES (0,'Saludos','Hey, que tal por la pagina?',TO_DATE('2021/04/10', 'YYYY/MM/DD'),'JenniferBaird','DariaSheppard',false);
INSERT INTO messages (version,issue, body, messagedate, emisor_id, receptor_id,is_request) VALUES (0,'Saludos','Muy bien, y tu?',TO_DATE('2021/04/10', 'YYYY/MM/DD'),'DariaSheppard','JenniferBaird',false);
INSERT INTO messages (version,issue, body, messagedate, emisor_id, receptor_id,is_request) VALUES (0,'Saludos','Hey, que tal por la pagina?',TO_DATE('2021/04/10', 'YYYY/MM/DD'),'ScarletHamilton','KaneBurch',false);
INSERT INTO messages (version,issue, body, messagedate, emisor_id, receptor_id,is_request) VALUES (0,'Saludos','Muy bien, y tu?',TO_DATE('2021/04/10', 'YYYY/MM/DD'),'KaneBurch','ScarletHamilton',false);
INSERT INTO messages (version,issue, body, messagedate, emisor_id, receptor_id,is_request) VALUES (0,'Saludos','Hey, que tal por la pagina?',TO_DATE('2021/04/10', 'YYYY/MM/DD'),'SybillWilliamson','HedwigCarey',false);
INSERT INTO messages (version,issue, body, messagedate, emisor_id, receptor_id,is_request) VALUES (0,'Saludos','Muy bien, y tu?',TO_DATE('2021/04/10', 'YYYY/MM/DD'),'HedwigCarey','SybillWilliamson',false);
INSERT INTO messages (version,issue, body, messagedate, emisor_id, receptor_id,is_request) VALUES (0,'Saludos','Hey, que tal por la pagina?',TO_DATE('2021/04/10', 'YYYY/MM/DD'),'JosephineWoodard','AlecHill',false);
INSERT INTO messages (version,issue, body, messagedate, emisor_id, receptor_id,is_request) VALUES (0,'Saludos','Muy bien, y tu?',TO_DATE('2021/04/10', 'YYYY/MM/DD'),'AlecHill','JosephineWoodard',false);